,Fold selected features,Fold nb of features
Fold 0,"['CD4Tcm_pSTAT3_Unstim', 'CD4Tnaive_pSTAT3_Unstim', 'CD4Tnaive_pSTAT5_Unstim', 'CD4Tregs_pSTAT5_Unstim', 'CD8Tnaive_pSTAT3_Unstim', 'Granulocytes_pS6_Unstim', 'intMCs_pCREB_TNFa', 'CD8Tcm_pNFkB_TNFa', 'Granulocytes_pS6_TNFa', 'CD4Tem_CCR2pos_pSTAT3_TNFa', 'CD4Tnaive_pSTAT3_TNFa', 'CD8Tnaive_pSTAT3_TNFa', 'Granulocytes_pS6_LPS', 'CD4Tcm_CCR2pos_pSTAT3_LPS', 'CD4Tnaive_pSTAT3_LPS', 'CD4Tregs_pSTAT3_LPS', 'CD4Tcm_pSTAT3_IL246', 'CD4Tnaive_pSTAT3_IL246', 'CD4Tnaive_pSTAT5_IL246', 'intMCs_pCREB_IFNa', 'CD4Tcm_pSTAT3_IFNa', 'CD4Tnaive_pSTAT3_IFNa', 'intMCs_pCREB_GMCSF', 'Granulocytes_pS6_GMCSF', 'CD4Tnaive_pSTAT3_GMCSF', 'Granulocytes_pS6_PI', 'CD4Tnaive_pSTAT3_PI', 'CD4Tregs_pSTAT3_PI', 'CD8Tnaive_pSTAT3_PI', 'CD4Tnaive_pSTAT5_PI', 'CD4Tem_CCR2pos_pMK2_IL33', 'CD8Tnaive_pSTAT3_IL33']",32
Fold 1,"['CD4Tcm_pSTAT3_Unstim', 'CD4Tnaive_pSTAT3_Unstim', 'CD8Tnaive_pSTAT3_Unstim', 'Granulocytes_pS6_Unstim', 'CD4Tcm_pNFkB_TNFa', 'Granulocytes_pS6_TNFa', 'CD4Tem_CCR2pos_pSTAT3_TNFa', 'CD4Tnaive_pSTAT3_TNFa', 'CD8Tnaive_pSTAT3_TNFa', 'Granulocytes_pS6_LPS', 'CD4Tnaive_pSTAT3_LPS', 'CD8Tnaive_pSTAT3_LPS', 'CD4Tcm_pSTAT3_IL246', 'CD4Tnaive_pSTAT3_IL246', 'CD4Tcm_pSTAT3_IFNa', 'CD4Tnaive_pSTAT3_IFNa', 'CD8Tnaive_pSTAT3_IFNa', 'intMCs_pCREB_GMCSF', 'Granulocytes_pS6_GMCSF', 'CD4Tnaive_pSTAT3_GMCSF', 'MDSCs_pSTAT3_GMCSF', 'Granulocytes_pS6_PI', 'CD4Tnaive_pSTAT3_PI', 'CD8Tnaive_pSTAT3_PI', 'CD56hiCD16negNK_pS6_IL33', 'CD8Tnaive_pSTAT3_IL33']",26
Fold 2,"['CD4Tnaive_pSTAT3_Unstim', 'CD4Tnaive_pSTAT5_Unstim', 'CD4Tregs_pSTAT5_Unstim', 'CD8Tnaive_pSTAT3_Unstim', 'Granulocytes_pS6_Unstim', 'Granulocytes_IkB_TNFa', 'Granulocytes_pS6_TNFa', 'CD4Tnaive_pSTAT3_TNFa', 'CD8Tnaive_pSTAT3_TNFa', 'Granulocytes_pS6_LPS', 'CD4Tnaive_pSTAT3_LPS', 'CD4Tregs_pSTAT3_LPS', 'CD4Tcm_pSTAT3_IL246', 'CD4Tnaive_pSTAT3_IL246', 'CD4Tnaive_pSTAT5_IL246', 'CD4Tregs_pSTAT5_IL246', 'CD4Tcm_pSTAT3_IFNa', 'CD4Tnaive_pSTAT3_IFNa', 'CD4Tnaive_pSTAT5_IFNa', 'Granulocytes_pS6_GMCSF', 'CD4Tnaive_pSTAT3_GMCSF', 'Granulocytes_pS6_PI', 'CD4Tcm_pSTAT3_PI', 'CD4Tnaive_pSTAT3_PI', 'CD4Tregs_pSTAT3_PI', 'CD8Tnaive_pSTAT3_PI', 'CD4Tnaive_pSTAT5_PI', 'CD4Tregs_pSTAT5_PI', 'CD8Tnaive_pSTAT5_PI', 'mDCs_pCREB_IL33', 'CD56hiCD16negNK_pS6_IL33', 'CD8Tnaive_pSTAT3_IL33']",32
Fold 3,"['CD4Tnaive_pSTAT3_Unstim', 'CD8Tnaive_pSTAT3_Unstim', 'intMCs_pCREB_TNFa', 'Granulocytes_pS6_TNFa', 'CD4Tem_CCR2pos_pSTAT3_TNFa', 'CD4Tnaive_pSTAT3_TNFa', 'CD8Tnaive_pSTAT3_TNFa', 'Granulocytes_pS6_LPS', 'CD4Tcm_CCR2pos_pSTAT3_LPS', 'CD4Tnaive_pSTAT3_LPS', 'CD4Tregs_pSTAT3_LPS', 'CD8Tnaive_pSTAT3_LPS', 'CD4Tcm_pSTAT3_IL246', 'CD4Tnaive_pSTAT3_IL246', 'CD4Tcm_pSTAT3_IFNa', 'CD4Tnaive_pSTAT3_IFNa', 'CD8Tnaive_pSTAT3_IFNa', 'Granulocytes_pS6_GMCSF', 'CD4Tnaive_pSTAT3_GMCSF', 'CD8Tcm_CCR2pos_pNFkB_PI', 'Granulocytes_pS6_PI', 'CD4Tnaive_pSTAT3_PI', 'CD8Tnaive_pSTAT3_PI', 'CD4Tnaive_pSTAT5_PI', 'CD8Tnaive_pSTAT5_PI', 'CD4Tem_CCR2pos_pMK2_IL33', 'CD8Tnaive_pSTAT3_IL33']",27
Fold 4,"['CD4Tcm_pSTAT3_Unstim', 'CD4Tnaive_pSTAT3_Unstim', 'CD4Tnaive_pSTAT5_Unstim', 'CD8Tnaive_pSTAT3_Unstim', 'Granulocytes_pS6_Unstim', 'intMCs_pCREB_TNFa', 'CD8Tcm_pNFkB_TNFa', 'Granulocytes_pS6_TNFa', 'CD4Tem_CCR2pos_pSTAT3_TNFa', 'CD4Tnaive_pSTAT3_TNFa', 'CD8Tnaive_pSTAT3_TNFa', 'Granulocytes_pS6_LPS', 'CD4Tcm_CCR2pos_pSTAT3_LPS', 'CD4Tnaive_pSTAT3_LPS', 'CD4Tcm_pSTAT3_IL246', 'CD4Tnaive_pSTAT3_IL246', 'intMCs_pCREB_IFNa', 'CD4Tcm_pSTAT3_IFNa', 'CD4Tnaive_pSTAT3_IFNa', 'intMCs_pCREB_GMCSF', 'Granulocytes_pS6_GMCSF', 'CD4Tnaive_pSTAT3_GMCSF', 'Granulocytes_pS6_PI', 'CD4Tcm_pSTAT3_PI', 'CD4Tnaive_pSTAT3_PI', 'CD4Tregs_pSTAT3_PI', 'CD8Tnaive_pSTAT3_PI', 'CD4Tnaive_pSTAT5_PI', 'CD8Tnaive_pSTAT3_IL33']",29
Fold 5,"['CD4Tcm_pSTAT3_Unstim', 'CD4Tnaive_pSTAT3_Unstim', 'CD8Tnaive_pSTAT3_Unstim', 'Granulocytes_pS6_Unstim', 'intMCs_pCREB_TNFa', 'CD8Tcm_pNFkB_TNFa', 'Granulocytes_pS6_TNFa', 'CD4Tem_CCR2pos_pSTAT3_TNFa', 'CD4Tnaive_pSTAT3_TNFa', 'CD8Tnaive_pSTAT3_TNFa', 'Granulocytes_pS6_LPS', 'CD4Tcm_CCR2pos_pSTAT3_LPS', 'CD4Tnaive_pSTAT3_LPS', 'CD4Tregs_pSTAT3_LPS', 'CD4Tcm_pSTAT3_IL246', 'CD4Tnaive_pSTAT3_IL246', 'CD4Tcm_pSTAT3_IFNa', 'CD4Tnaive_pSTAT3_IFNa', 'intMCs_pCREB_GMCSF', 'Granulocytes_pS6_GMCSF', 'CD4Tnaive_pSTAT3_GMCSF', 'Granulocytes_pS6_PI', 'CD4Tcm_pSTAT3_PI', 'CD4Tnaive_pSTAT3_PI', 'CD4Tregs_pSTAT3_PI', 'CD8Tnaive_pSTAT3_PI', 'CD4Tnaive_pSTAT5_PI', 'mDCs_pCREB_IL33', 'CD8Tnaive_pSTAT3_IL33']",29
Fold 6,"['CD4Tnaive_pSTAT3_Unstim', 'CD4Tregs_pSTAT5_Unstim', 'Granulocytes_pS6_Unstim', 'Granulocytes_pS6_TNFa', 'CD4Tem_CCR2pos_pSTAT3_TNFa', 'CD4Tnaive_pSTAT3_TNFa', 'Granulocytes_pS6_LPS', 'CD4Tnaive_pSTAT3_LPS', 'CD4Tregs_pSTAT3_LPS', 'CD4Tcm_pSTAT3_IL246', 'CD4Tnaive_pSTAT3_IL246', 'CD4Tcm_pSTAT3_IFNa', 'CD4Tnaive_pSTAT3_IFNa', 'CD4Tregs_pSTAT5_IFNa', 'Granulocytes_pS6_GMCSF', 'CD4Tnaive_pSTAT3_GMCSF', 'Granulocytes_pS6_PI', 'CD4Tnaive_pSTAT3_PI', 'CD4Tregs_pSTAT3_PI', 'CD8Tnaive_pSTAT3_PI', 'CD4Tnaive_pSTAT5_PI', 'CD8Tcm_CCR2pos_HLADR_IL33', 'CD4negCD8negTcells_pNFkB_IL33', 'CD8Tnaive_pSTAT3_IL33', 'NKT_pSTAT3_IL33']",25
Fold 7,"['CD4Tnaive_pSTAT3_Unstim', 'Granulocytes_pS6_Unstim', 'intMCs_pCREB_TNFa', 'CD8Tcm_pNFkB_TNFa', 'Granulocytes_pS6_TNFa', 'CD4Tem_CCR2pos_pSTAT3_TNFa', 'CD4Tnaive_pSTAT3_TNFa', 'CD8Tnaive_pSTAT3_TNFa', 'Granulocytes_pS6_LPS', 'CD4Tcm_CCR2pos_pSTAT3_LPS', 'CD4Tnaive_pSTAT3_LPS', 'CD4Tregs_pSTAT3_LPS', 'NK_cells_CD11cneg_pNFkB_IL246', 'CD4Tcm_pSTAT3_IL246', 'CD4Tnaive_pSTAT3_IL246', 'CD4Tcm_CCR2pos_pNFkB_IFNa', 'CD4Tcm_pSTAT3_IFNa', 'CD4Tnaive_pSTAT3_IFNa', 'Granulocytes_pS6_GMCSF', 'CD4Tnaive_pSTAT3_GMCSF', 'Granulocytes_pS6_PI', 'CD4Tnaive_pSTAT3_PI', 'CD8Tnaive_pSTAT3_PI', 'mDCs_pCREB_IL33', 'CD8Tnaive_pSTAT3_IL33']",25
Fold 8,"['CD4Tcm_pSTAT3_Unstim', 'CD4Tnaive_pSTAT3_Unstim', 'CD4Tregs_pSTAT5_Unstim', 'CD8Tnaive_pSTAT3_Unstim', 'Granulocytes_pS6_Unstim', 'Granulocytes_IkB_TNFa', 'CD8Tcm_pNFkB_TNFa', 'Granulocytes_pS6_TNFa', 'mDCs_pS6_TNFa', 'CD4Tem_CCR2pos_pSTAT3_TNFa', 'CD4Tnaive_pSTAT3_TNFa', 'CD8Tnaive_pSTAT3_TNFa', 'Granulocytes_pS6_LPS', 'CD4Tcm_CCR2pos_pSTAT3_LPS', 'CD4Tnaive_pSTAT3_LPS', 'CD4Tregs_pSTAT3_LPS', 'CD4Tcm_pSTAT3_IL246', 'CD4Tnaive_pSTAT3_IL246', 'CD4Tcm_pSTAT3_IFNa', 'CD4Tnaive_pSTAT3_IFNa', 'intMCs_pCREB_GMCSF', 'Granulocytes_pS6_GMCSF', 'CD4Tnaive_pSTAT3_GMCSF', 'CD8Tcm_CCR2pos_pNFkB_PI', 'Granulocytes_pS6_PI', 'CD4Tcm_pSTAT3_PI', 'CD4Tnaive_pSTAT3_PI', 'CD4Tregs_pSTAT3_PI', 'CD8Tnaive_pSTAT3_PI', 'CD4Tnaive_pSTAT5_PI', 'CD8Tcm_CCR2pos_HLADR_IL33', 'mDCs_pCREB_IL33', 'CD4Tem_CCR2pos_pMK2_IL33', 'CD56hiCD16negNK_pS6_IL33', 'CD8Tnaive_pSTAT3_IL33']",35
Fold 9,"['CD4Tcm_pSTAT3_Unstim', 'CD4Tnaive_pSTAT3_Unstim', 'CD4Tnaive_pSTAT5_Unstim', 'CD4Tregs_pSTAT5_Unstim', 'CD8Tnaive_pSTAT3_Unstim', 'Granulocytes_pS6_Unstim', 'Granulocytes_IkB_TNFa', 'Granulocytes_pS6_TNFa', 'CD4Tem_CCR2pos_pSTAT3_TNFa', 'CD4Tnaive_pSTAT3_TNFa', 'CD8Tnaive_pSTAT3_TNFa', 'Granulocytes_pS6_LPS', 'CD4Tcm_CCR2pos_pSTAT3_LPS', 'CD4Tnaive_pSTAT3_LPS', 'CD4Tregs_pSTAT3_LPS', 'CD4Tcm_pSTAT3_IL246', 'CD4Tnaive_pSTAT3_IL246', 'CD4Tcm_pSTAT3_IFNa', 'CD4Tnaive_pSTAT3_IFNa', 'CD4Tregs_pSTAT5_IFNa', 'Granulocytes_pS6_GMCSF', 'CD4Tnaive_pSTAT3_GMCSF', 'CD4Tcm_pSTAT3_PI', 'CD4Tnaive_pSTAT3_PI', 'CD8Tnaive_pSTAT3_PI', 'CD4Tnaive_pSTAT5_PI', 'CD8Tnaive_pSTAT3_IL33']",27
Fold 10,"['CD4Tcm_pSTAT3_Unstim', 'CD4Tnaive_pSTAT3_Unstim', 'CD4Tregs_pSTAT5_Unstim', 'CD8Tnaive_pSTAT3_Unstim', 'Granulocytes_pS6_Unstim', 'Granulocytes_IkB_TNFa', 'Granulocytes_pS6_TNFa', 'CD4Tnaive_pSTAT3_TNFa', 'CD8Tnaive_pSTAT3_TNFa', 'Granulocytes_pS6_LPS', 'CD4Tcm_CCR2pos_pSTAT3_LPS', 'CD4Tnaive_pSTAT3_LPS', 'CD4Tregs_pSTAT3_LPS', 'CD8Tnaive_pSTAT3_LPS', 'CD4Tcm_pSTAT3_IL246', 'CD4Tnaive_pSTAT3_IL246', 'CD4Tcm_pSTAT3_IFNa', 'CD4Tnaive_pSTAT3_IFNa', 'CD8Tnaive_pSTAT3_IFNa', 'intMCs_pCREB_GMCSF', 'Granulocytes_pS6_GMCSF', 'CD4Tnaive_pSTAT3_GMCSF', 'MDSCs_pSTAT3_GMCSF', 'CD4Tnaive_pSTAT3_PI', 'CD4Tregs_pSTAT3_PI', 'CD8Tnaive_pSTAT3_PI', 'CD4Tnaive_pSTAT5_PI', 'CD56hiCD16negNK_pS6_IL33', 'CD8Tnaive_pSTAT3_IL33']",29
Fold 11,"['CD4Tnaive_pSTAT3_Unstim', 'CD8Tnaive_pSTAT3_Unstim', 'mDCs_pCREB_TNFa', 'Granulocytes_pS6_TNFa', 'CD4Tem_CCR2pos_pSTAT3_TNFa', 'CD4Tnaive_pSTAT3_TNFa', 'CD8Tnaive_pSTAT3_TNFa', 'CD4Tcm_CCR2pos_pSTAT3_LPS', 'CD4Tnaive_pSTAT3_LPS', 'CD8Tnaive_pSTAT3_LPS', 'CD4Tcm_pSTAT3_IL246', 'CD4Tnaive_pSTAT3_IL246', 'CD4Tnaive_pSTAT5_IL246', 'CD4Tcm_pSTAT3_IFNa', 'CD4Tnaive_pSTAT3_IFNa', 'CD56loCD16posNK_pSTAT3_IFNa', 'CD8Tnaive_pSTAT3_IFNa', 'intMCs_pCREB_GMCSF', 'ncMCs_pNFkB_GMCSF', 'Granulocytes_pS6_GMCSF', 'mDCs_pS6_GMCSF', 'CD4Tnaive_pSTAT3_GMCSF', 'NK_cells_CD11cpos_HLADR_PI', 'Granulocytes_pS6_PI', 'CD4Tnaive_pSTAT3_PI', 'CD4Tregs_pSTAT3_PI', 'CD8Tnaive_pSTAT3_PI', 'CD4Tnaive_pSTAT5_PI', 'CD4Tem_CCR2pos_pMK2_IL33', 'CD8Tnaive_pSTAT3_IL33']",30
Fold 12,"['CD4Tnaive_pSTAT3_Unstim', 'Granulocytes_pS6_Unstim', 'Granulocytes_pS6_TNFa', 'CD4Tnaive_pSTAT3_TNFa', 'CD8Tnaive_pSTAT3_TNFa', 'Granulocytes_pS6_LPS', 'CD4Tnaive_pSTAT3_LPS', 'CD4Tregs_pSTAT3_LPS', 'CD4Tnaive_pSTAT3_IL246', 'CD4Tnaive_pSTAT3_IFNa', 'Granulocytes_pS6_GMCSF', 'CD4Tnaive_pSTAT3_GMCSF', 'MDSCs_pSTAT3_GMCSF', 'Granulocytes_pS6_PI', 'CD4Tcm_pSTAT3_PI', 'CD4Tnaive_pSTAT3_PI', 'CD8Tnaive_pSTAT3_PI', 'MDSCs_pSTAT3_PI', 'CD4Tnaive_pSTAT5_PI', 'CD56hiCD16negNK_pS6_IL33', 'CD8Tnaive_pSTAT3_IL33']",21
Fold 13,"['CD4Tnaive_pSTAT3_Unstim', 'CD4Tnaive_pSTAT5_Unstim', 'CD56hiCD16negNK_pS6_Unstim', 'Granulocytes_pS6_Unstim', 'cMCs_HLADR_TNFa', 'mDCs_HLADR_TNFa', 'Granulocytes_IkB_TNFa', 'intMCs_pCREB_TNFa', 'CD8Tcm_pNFkB_TNFa', 'ncMCs_pNFkB_TNFa', 'Granulocytes_pS6_TNFa', 'CD4Tcm_CCR2pos_pSTAT3_TNFa', 'CD4Tem_CCR2pos_pSTAT3_TNFa', 'CD4Tnaive_pSTAT3_TNFa', 'CD8Tnaive_pSTAT3_TNFa', 'Granulocytes_pS6_LPS', 'CD4Tnaive_pSTAT3_LPS', 'CD4Tregs_pSTAT3_LPS', 'CD4Tnaive_pSTAT5_LPS', 'CD4Tcm_pSTAT3_IL246', 'CD4Tnaive_pSTAT3_IL246', 'intMCs_pCREB_IFNa', 'CD4Tcm_pSTAT3_IFNa', 'CD4Tnaive_pSTAT3_IFNa', 'CD8Tnaive_pSTAT3_IFNa', 'CD4Tnaive_pSTAT5_IFNa', 'Granulocytes_pS6_GMCSF', 'CD4Tnaive_pSTAT3_GMCSF', 'Granulocytes_pMK2_PI', 'Granulocytes_pS6_PI', 'CD4Tcm_pSTAT3_PI', 'CD4Tnaive_pSTAT3_PI', 'CD4Tregs_pSTAT3_PI', 'CD8Tnaive_pSTAT3_PI', 'CD4Tnaive_pSTAT5_PI', 'mDCs_pCREB_IL33', 'CD4Tem_CCR2pos_pMK2_IL33', 'CD56hiCD16negNK_pS6_IL33', 'CD8Tnaive_pSTAT3_IL33']",39
Fold 14,"['CD4Tcm_pSTAT3_Unstim', 'CD4Tnaive_pSTAT3_Unstim', 'CD8Tnaive_pSTAT3_Unstim', 'Granulocytes_pS6_Unstim', 'Granulocytes_pS6_TNFa', 'mDCs_pS6_TNFa', 'CD4Tcm_pSTAT3_TNFa', 'CD4Tem_CCR2pos_pSTAT3_TNFa', 'CD4Tnaive_pSTAT3_TNFa', 'CD8Tnaive_pSTAT3_TNFa', 'Granulocytes_pS6_LPS', 'CD4Tcm_pSTAT3_LPS', 'CD4Tcm_CCR2pos_pSTAT3_LPS', 'CD4Tnaive_pSTAT3_LPS', 'CD4Tregs_pSTAT3_LPS', 'CD8Tnaive_pSTAT3_LPS', 'CD4Tcm_pSTAT3_IL246', 'CD4Tnaive_pSTAT3_IL246', 'CD4Tcm_pSTAT3_IFNa', 'CD4Tnaive_pSTAT3_IFNa', 'intMCs_pCREB_GMCSF', 'Granulocytes_pS6_GMCSF', 'mDCs_pS6_GMCSF', 'CD4Tnaive_pSTAT3_GMCSF', 'CD4negCD8negTcells_pMK2_PI', 'Granulocytes_pS6_PI', 'CD4Tcm_pSTAT3_PI', 'CD4Tnaive_pSTAT3_PI', 'CD4Tregs_pSTAT3_PI', 'CD8Tnaive_pSTAT3_PI', 'CD4Tnaive_pSTAT5_PI', 'CD4Tem_CCR2pos_pMK2_IL33', 'CD8Tnaive_pSTAT3_IL33']",33
Fold 15,"['CD4Tcm_pSTAT3_Unstim', 'CD4Tnaive_pSTAT3_Unstim', 'CD4Tnaive_pSTAT5_Unstim', 'CD8Tnaive_pSTAT3_Unstim', 'Granulocytes_IkB_TNFa', 'intMCs_pCREB_TNFa', 'Granulocytes_pS6_TNFa', 'CD4Tem_CCR2pos_pSTAT3_TNFa', 'CD4Tnaive_pSTAT3_TNFa', 'CD8Tnaive_pSTAT3_TNFa', 'Granulocytes_pS6_LPS', 'CD4Tcm_CCR2pos_pSTAT3_LPS', 'CD4Tnaive_pSTAT3_LPS', 'CD4Tregs_pSTAT3_LPS', 'CD8Tnaive_pSTAT3_LPS', 'CD4Tcm_pSTAT3_IL246', 'CD4Tnaive_pSTAT3_IL246', 'CD4Tnaive_pSTAT5_IL246', 'CD4Tcm_pSTAT3_IFNa', 'CD4Tnaive_pSTAT3_IFNa', 'CD8Tnaive_pSTAT3_IFNa', 'Granulocytes_pS6_GMCSF', 'CD4Tnaive_pSTAT3_GMCSF', 'CD4negCD8negTcells_pMK2_PI', 'CD4Tnaive_pSTAT3_PI', 'CD8Tnaive_pSTAT3_PI', 'CD4Tnaive_pSTAT5_PI', 'mDCs_pCREB_IL33', 'CD56hiCD16negNK_pS6_IL33', 'CD8Tnaive_pSTAT3_IL33']",30
Fold 16,"['CD4Tnaive_pSTAT3_Unstim', 'CD8Tnaive_pSTAT3_Unstim', 'Granulocytes_pS6_Unstim', 'Granulocytes_pS6_TNFa', 'CD4Tnaive_pSTAT3_TNFa', 'CD8Tnaive_pSTAT3_TNFa', 'Granulocytes_pS6_LPS', 'CD4Tnaive_pSTAT3_LPS', 'CD4Tregs_pSTAT3_LPS', 'CD8Tnaive_pSTAT3_LPS', 'CD4Tcm_pSTAT3_IL246', 'CD4Tnaive_pSTAT3_IL246', 'CD4Tnaive_pSTAT5_IL246', 'CD4Tcm_pSTAT3_IFNa', 'CD4Tnaive_pSTAT3_IFNa', 'CD8Tnaive_pSTAT3_IFNa', 'Granulocytes_pS6_GMCSF', 'CD4Tnaive_pSTAT3_GMCSF', 'Granulocytes_pMK2_PI', 'Granulocytes_pS6_PI', 'CD4Tcm_pSTAT3_PI', 'CD4Tnaive_pSTAT3_PI', 'CD4Tregs_pSTAT3_PI', 'CD8Tnaive_pSTAT3_PI', 'CD4Tnaive_pSTAT5_PI', 'CD56hiCD16negNK_pS6_IL33', 'CD8Tnaive_pSTAT3_IL33']",27
Fold 17,"['CD4Tcm_pSTAT3_Unstim', 'CD4Tnaive_pSTAT3_Unstim', 'CD4Tnaive_pSTAT5_Unstim', 'CD4negCD8negTcells_pSTAT6_Unstim', 'CD8Tnaive_pSTAT3_Unstim', 'Granulocytes_pS6_Unstim', 'intMCs_pCREB_TNFa', 'CD4Tcm_pNFkB_TNFa', 'Granulocytes_pS6_TNFa', 'CD4Tcm_pSTAT3_TNFa', 'CD4Tem_CCR2pos_pSTAT3_TNFa', 'CD4Tnaive_pSTAT3_TNFa', 'CD8Tnaive_pSTAT3_TNFa', 'Granulocytes_pS6_LPS', 'CD4Tcm_CCR2pos_pSTAT3_LPS', 'CD4Tnaive_pSTAT3_LPS', 'CD4Tcm_pSTAT3_IL246', 'CD4Tnaive_pSTAT3_IL246', 'CD4Tnaive_pSTAT5_IL246', 'CD4negCD8negTcells_pSTAT6_IL246', 'intMCs_pCREB_IFNa', 'CD4Tcm_pSTAT3_IFNa', 'CD4Tnaive_pSTAT3_IFNa', 'intMCs_pCREB_GMCSF', 'Granulocytes_pS6_GMCSF', 'CD4Tnaive_pSTAT3_GMCSF', 'Granulocytes_pS6_PI', 'CD4Tcm_pSTAT3_PI', 'CD4Tnaive_pSTAT3_PI', 'CD4Tregs_pSTAT3_PI', 'CD8Tnaive_pSTAT3_PI', 'MDSCs_pSTAT3_PI', 'CD4Tnaive_pSTAT5_PI', 'CD8Tnaive_pSTAT3_IL33']",34
Fold 18,"['CD4Tcm_pSTAT3_Unstim', 'CD4Tnaive_pSTAT3_Unstim', 'CD4Tnaive_pSTAT5_Unstim', 'CD8Tnaive_pSTAT3_Unstim', 'Granulocytes_pS6_Unstim', 'Granulocytes_IkB_TNFa', 'CD4Tcm_pNFkB_TNFa', 'Granulocytes_pS6_TNFa', 'CD4Tem_CCR2pos_pSTAT3_TNFa', 'CD4Tnaive_pSTAT3_TNFa', 'CD4Tregs_pSTAT3_TNFa', 'CD8Tnaive_pSTAT3_TNFa', 'Granulocytes_pS6_LPS', 'CD4Tcm_pSTAT3_LPS', 'CD4Tnaive_pSTAT3_LPS', 'CD4Tregs_pSTAT3_LPS', 'CD8Tnaive_pSTAT3_LPS', 'CD4Tcm_pSTAT3_IL246', 'CD4Tnaive_pSTAT3_IL246', 'CD4Tnaive_pSTAT5_IL246', 'CD4Tcm_pSTAT3_IFNa', 'CD4Tnaive_pSTAT3_IFNa', 'CD8Tnaive_pSTAT3_IFNa', 'Granulocytes_pS6_GMCSF', 'CD4Tnaive_pSTAT3_GMCSF', 'MDSCs_pSTAT3_GMCSF', 'Granulocytes_pS6_PI', 'CD4Tnaive_pSTAT3_PI', 'CD4Tregs_pSTAT3_PI', 'CD8Tnaive_pSTAT3_PI', 'MDSCs_pSTAT3_PI', 'CD4Tnaive_pSTAT5_PI', 'CD4Tem_CCR2pos_pMK2_IL33', 'CD56hiCD16negNK_pS6_IL33', 'CD8Tnaive_pSTAT3_IL33', 'NKT_pSTAT3_IL33']",36
Fold 19,"['CD4Tcm_pSTAT3_Unstim', 'CD4Tnaive_pSTAT3_Unstim', 'CD4Tregs_pSTAT5_Unstim', 'Granulocytes_pS6_Unstim', 'Granulocytes_pS6_TNFa', 'CD4Tcm_pSTAT3_TNFa', 'CD4Tem_CCR2pos_pSTAT3_TNFa', 'CD4Tnaive_pSTAT3_TNFa', 'CD4Tregs_pSTAT3_TNFa', 'CD8Tnaive_pSTAT3_TNFa', 'Granulocytes_pS6_LPS', 'CD4Tcm_CCR2pos_pSTAT3_LPS', 'CD4Tnaive_pSTAT3_LPS', 'CD4Tregs_pSTAT3_LPS', 'CD4Tcm_pSTAT3_IL246', 'CD4Tnaive_pSTAT3_IL246', 'CD4Tcm_pSTAT3_IFNa', 'CD4Tnaive_pSTAT3_IFNa', 'intMCs_pCREB_GMCSF', 'Granulocytes_pS6_GMCSF', 'CD4Tnaive_pSTAT3_GMCSF', 'Granulocytes_pS6_PI', 'CD4Tcm_pSTAT3_PI', 'CD4Tnaive_pSTAT3_PI', 'CD4Tregs_pSTAT3_PI', 'CD8Tnaive_pSTAT3_PI', 'CD4Tnaive_pSTAT5_PI', 'CD8Tnaive_pSTAT3_IL33']",28
Fold 20,"['CD4Tcm_pSTAT3_Unstim', 'CD4Tnaive_pSTAT3_Unstim', 'CD8Tnaive_pSTAT3_Unstim', 'Granulocytes_pS6_Unstim', 'Granulocytes_pS6_TNFa', 'CD4Tem_CCR2pos_pSTAT3_TNFa', 'CD4Tnaive_pSTAT3_TNFa', 'CD8Tnaive_pSTAT3_TNFa', 'Granulocytes_pS6_LPS', 'CD4Tcm_CCR2pos_pSTAT3_LPS', 'CD4Tnaive_pSTAT3_LPS', 'CD4Tregs_pSTAT3_LPS', 'CD4Tcm_pSTAT3_IL246', 'CD4Tnaive_pSTAT3_IL246', 'CD4Tnaive_pSTAT5_IL246', 'CD4Tcm_pSTAT3_IFNa', 'CD4Tnaive_pSTAT3_IFNa', 'Granulocytes_pS6_GMCSF', 'CD4Tnaive_pSTAT3_GMCSF', 'Granulocytes_pS6_PI', 'CD4Tnaive_pSTAT3_PI', 'CD4Tregs_pSTAT3_PI', 'CD8Tnaive_pSTAT3_PI', 'cMCs_HLADR_IL33', 'CD56hiCD16negNK_pS6_IL33', 'CD8Tnaive_pSTAT3_IL33']",26
Fold 21,"['CD4Tcm_pSTAT3_Unstim', 'CD4Tnaive_pSTAT3_Unstim', 'Granulocytes_pS6_Unstim', 'Granulocytes_IkB_TNFa', 'CD8Tcm_pNFkB_TNFa', 'Granulocytes_pS6_TNFa', 'CD4Tcm_pSTAT3_TNFa', 'CD4Tnaive_pSTAT3_TNFa', 'CD4Tcm_CCR2pos_pSTAT3_LPS', 'CD4Tnaive_pSTAT3_LPS', 'CD4Tregs_pSTAT3_LPS', 'CD4Tcm_pSTAT3_IL246', 'CD4Tnaive_pSTAT3_IL246', 'CD4Tcm_pSTAT3_IFNa', 'CD4Tnaive_pSTAT3_IFNa', 'Granulocytes_pS6_GMCSF', 'CD4Tnaive_pSTAT3_GMCSF', 'Granulocytes_pS6_PI', 'CD4Tcm_pSTAT3_PI', 'CD4Tnaive_pSTAT3_PI', 'CD4Tregs_pSTAT3_PI', 'CD8Tnaive_pSTAT3_PI', 'CD4Tnaive_pSTAT5_PI', 'CD8Tnaive_pSTAT3_IL33']",24
Fold 22,"['CD4Tcm_pSTAT3_Unstim', 'CD4Tnaive_pSTAT3_Unstim', 'CD8Tnaive_pSTAT3_Unstim', 'Granulocytes_pS6_Unstim', 'Granulocytes_IkB_TNFa', 'Granulocytes_pS6_TNFa', 'CD4Tem_CCR2pos_pSTAT3_TNFa', 'CD4Tnaive_pSTAT3_TNFa', 'CD8Tnaive_pSTAT3_TNFa', 'Granulocytes_IkB_LPS', 'Granulocytes_pS6_LPS', 'CD4Tcm_CCR2pos_pSTAT3_LPS', 'CD4Tnaive_pSTAT3_LPS', 'CD4Tregs_pSTAT3_LPS', 'CD8Tnaive_pSTAT3_LPS', 'CD4Tcm_pSTAT3_IL246', 'CD4Tnaive_pSTAT3_IL246', 'CD4Tcm_pSTAT3_IFNa', 'CD4Tnaive_pSTAT3_IFNa', 'CD8Tnaive_pSTAT3_IFNa', 'intMCs_pCREB_GMCSF', 'Granulocytes_pS6_GMCSF', 'CD4Tnaive_pSTAT3_GMCSF', 'Granulocytes_pS6_PI', 'CD4Tnaive_pSTAT3_PI', 'CD8Tnaive_pSTAT3_PI', 'CD4Tnaive_pSTAT5_PI', 'CD8Tnaive_pSTAT3_IL33']",28
Fold 23,"['CD4Tnaive_pSTAT3_Unstim', 'CD8Tnaive_pSTAT3_Unstim', 'Granulocytes_pS6_Unstim', 'Granulocytes_IkB_TNFa', 'CD8Tcm_pNFkB_TNFa', 'Granulocytes_pS6_TNFa', 'CD4Tem_CCR2pos_pSTAT3_TNFa', 'CD4Tnaive_pSTAT3_TNFa', 'CD8Tnaive_pSTAT3_TNFa', 'Granulocytes_pS6_LPS', 'CD4Tcm_CCR2pos_pSTAT3_LPS', 'CD4Tnaive_pSTAT3_LPS', 'CD4Tregs_pSTAT3_LPS', 'CD4Tcm_pSTAT3_IL246', 'CD4Tnaive_pSTAT3_IL246', 'CD4Tnaive_pSTAT5_IL246', 'CD4Tcm_pSTAT3_IFNa', 'CD4Tnaive_pSTAT3_IFNa', 'Granulocytes_pS6_GMCSF', 'CD4Tnaive_pSTAT3_GMCSF', 'Granulocytes_pS6_PI', 'CD4Tnaive_pSTAT3_PI', 'CD4Tregs_pSTAT3_PI', 'CD8Tnaive_pSTAT3_PI', 'CD4Tnaive_pSTAT5_PI', 'mDCs_pCREB_IL33', 'CD8Tnaive_pSTAT3_IL33']",27
Fold 24,"['CD4Tcm_pSTAT3_Unstim', 'CD4Tnaive_pSTAT3_Unstim', 'CD4Tnaive_pSTAT5_Unstim', 'CD4Tregs_pSTAT5_Unstim', 'CD8Tnaive_pSTAT3_Unstim', 'Granulocytes_pS6_Unstim', 'cMCs_HLADR_TNFa', 'Granulocytes_IkB_TNFa', 'intMCs_pCREB_TNFa', 'CD4Teff_pNFkB_TNFa', 'CD8Tcm_pNFkB_TNFa', 'Granulocytes_pS6_TNFa', 'CD4Tem_CCR2pos_pSTAT3_TNFa', 'CD4Tnaive_pSTAT3_TNFa', 'CD8Tnaive_pSTAT3_TNFa', 'Granulocytes_pS6_LPS', 'CD4Tcm_CCR2pos_pSTAT3_LPS', 'CD4Tnaive_pSTAT3_LPS', 'CD4Tregs_pSTAT3_LPS', 'CD8Tnaive_pSTAT3_LPS', 'CD4Tcm_pSTAT3_IL246', 'CD4Tnaive_pSTAT3_IL246', 'CD4Tcm_pSTAT3_IFNa', 'CD4Tnaive_pSTAT3_IFNa', 'CD56loCD16posNK_pSTAT3_IFNa', 'CD8Tnaive_pSTAT3_IFNa', 'Granulocytes_pS6_GMCSF', 'CD4Tnaive_pSTAT3_GMCSF', 'Granulocytes_pS6_PI', 'CD4Tcm_pSTAT3_PI', 'CD4Tnaive_pSTAT3_PI', 'CD8Tnaive_pSTAT3_PI', 'CD4Tnaive_pSTAT5_PI', 'CD8Tnaive_pSTAT3_IL33']",34
Fold 25,"['CD4Tcm_pSTAT3_Unstim', 'CD4Tnaive_pSTAT3_Unstim', 'CD4Tnaive_pSTAT5_Unstim', 'CD8Tnaive_pSTAT3_Unstim', 'Granulocytes_pS6_Unstim', 'Granulocytes_IkB_TNFa', 'CD4Tcm_pNFkB_TNFa', 'Granulocytes_pS6_TNFa', 'CD4Tem_CCR2pos_pSTAT3_TNFa', 'CD4Tnaive_pSTAT3_TNFa', 'CD4Tregs_pSTAT3_TNFa', 'CD8Tnaive_pSTAT3_TNFa', 'Granulocytes_pS6_LPS', 'CD4Tcm_pSTAT3_LPS', 'CD4Tnaive_pSTAT3_LPS', 'CD4Tregs_pSTAT3_LPS', 'CD4Tnaive_pSTAT5_LPS', 'CD4Tcm_pSTAT3_IL246', 'CD4Tnaive_pSTAT3_IL246', 'CD4Tnaive_pSTAT5_IL246', 'CD4Tcm_pSTAT3_IFNa', 'CD4Tnaive_pSTAT3_IFNa', 'CD4Tnaive_pSTAT5_IFNa', 'Granulocytes_pS6_GMCSF', 'mDCs_pS6_GMCSF', 'CD4Tnaive_pSTAT3_GMCSF', 'Granulocytes_pS6_PI', 'CD4Tnaive_pSTAT3_PI', 'CD4Tregs_pSTAT3_PI', 'CD8Tnaive_pSTAT3_PI', 'CD4Tnaive_pSTAT5_PI', 'CD8Tnaive_pSTAT3_IL33']",32
Fold 26,"['CD4Tnaive_pSTAT3_Unstim', 'CD4Tnaive_pSTAT5_Unstim', 'CD4Tregs_pSTAT5_Unstim', 'CD8Tnaive_pSTAT3_Unstim', 'Granulocytes_pS6_TNFa', 'CD4Tnaive_pSTAT3_TNFa', 'CD8Tnaive_pSTAT3_TNFa', 'Granulocytes_pS6_LPS', 'CD4Tcm_CCR2pos_pSTAT3_LPS', 'CD4Tnaive_pSTAT3_LPS', 'CD8Tnaive_pSTAT3_LPS', 'CD4Tnaive_pSTAT3_IL246', 'CD4Tnaive_pSTAT5_IL246', 'CD4Tnaive_pSTAT1_IFNa', 'CD4Tcm_pSTAT3_IFNa', 'CD4Tnaive_pSTAT3_IFNa', 'CD8Tnaive_pSTAT3_IFNa', 'CD4Tregs_pSTAT5_IFNa', 'intMCs_pCREB_GMCSF', 'Granulocytes_pS6_GMCSF', 'CD4Tnaive_pSTAT3_GMCSF', 'CD4Tnaive_pSTAT3_PI', 'CD8Tnaive_pSTAT3_PI', 'CD4Tnaive_pSTAT5_PI', 'CD4Tem_CCR2pos_pMK2_IL33', 'CD8Tnaive_pSTAT3_IL33']",26
Fold 27,"['CD4Tcm_pSTAT3_Unstim', 'CD4Tnaive_pSTAT3_Unstim', 'CD4Tnaive_pSTAT5_Unstim', 'CD8Tnaive_pSTAT3_Unstim', 'CD4Tcm_pNFkB_TNFa', 'Granulocytes_pS6_TNFa', 'CD4Tem_CCR2pos_pSTAT3_TNFa', 'CD4Tnaive_pSTAT3_TNFa', 'CD8Tnaive_pSTAT3_TNFa', 'Granulocytes_IkB_LPS', 'Granulocytes_pS6_LPS', 'CD4Tcm_CCR2pos_pSTAT3_LPS', 'CD4Tnaive_pSTAT3_LPS', 'CD4Tregs_pSTAT3_LPS', 'CD8Tnaive_pSTAT3_LPS', 'CD4Tcm_pSTAT3_IL246', 'CD4Tnaive_pSTAT3_IL246', 'CD8Tnaive_pSTAT3_IL246', 'CD4Tnaive_pSTAT5_IL246', 'CD4Tcm_pSTAT3_IFNa', 'CD4Tnaive_pSTAT3_IFNa', 'CD8Tnaive_pSTAT3_IFNa', 'intMCs_pCREB_GMCSF', 'Granulocytes_pS6_GMCSF', 'CD4Tnaive_pSTAT3_GMCSF', 'CD4negCD8negTcells_pMK2_PI', 'CD4Tnaive_pSTAT3_PI', 'CD8Tnaive_pSTAT3_PI', 'CD4Tnaive_pSTAT5_PI', 'CD8Tcm_CCR2pos_HLADR_IL33', 'CD56hiCD16negNK_pS6_IL33', 'CD8Tnaive_pSTAT3_IL33']",32
Fold 28,"['CD4Tcm_pSTAT3_Unstim', 'CD4Tnaive_pSTAT3_Unstim', 'CD4Tregs_pSTAT5_Unstim', 'CD8Tnaive_pSTAT3_Unstim', 'Granulocytes_pS6_Unstim', 'Granulocytes_IkB_TNFa', 'Granulocytes_pS6_TNFa', 'CD4Tnaive_pSTAT3_TNFa', 'CD8Tnaive_pSTAT3_TNFa', 'Granulocytes_pS6_LPS', 'CD4Tnaive_pSTAT3_LPS', 'CD4Tregs_pSTAT3_LPS', 'CD4Tcm_pSTAT3_IL246', 'CD4Tnaive_pSTAT3_IL246', 'CD4Tcm_pSTAT3_IFNa', 'CD4Tnaive_pSTAT3_IFNa', 'CD8Tnaive_pSTAT3_IFNa', 'intMCs_pCREB_GMCSF', 'Granulocytes_pS6_GMCSF', 'CD4Tnaive_pSTAT3_GMCSF', 'CD4Tcm_pSTAT3_PI', 'CD4Tnaive_pSTAT3_PI', 'CD4Tregs_pSTAT3_PI', 'CD8Tnaive_pSTAT3_PI', 'CD8Tcm_CCR2pos_HLADR_IL33', 'CD8Tnaive_pSTAT3_IL33']",26
Fold 29,"['CD4Tnaive_pSTAT3_Unstim', 'CD8Tnaive_pSTAT3_Unstim', 'Granulocytes_pS6_Unstim', 'intMCs_pCREB_TNFa', 'CD4Tcm_pNFkB_TNFa', 'Granulocytes_pS6_TNFa', 'CD4Tem_CCR2pos_pSTAT3_TNFa', 'CD4Tnaive_pSTAT3_TNFa', 'CD8Tnaive_pSTAT3_TNFa', 'Granulocytes_pS6_LPS', 'CD4Tcm_CCR2pos_pSTAT3_LPS', 'CD4Tnaive_pSTAT3_LPS', 'CD4Tnaive_pSTAT3_IL246', 'CD4Tnaive_pSTAT5_IL246', 'CD4Tcm_pSTAT3_IFNa', 'CD4Tnaive_pSTAT3_IFNa', 'Granulocytes_pS6_GMCSF', 'CD4Tnaive_pSTAT3_GMCSF', 'Granulocytes_pS6_PI', 'CD4Tnaive_pSTAT3_PI', 'CD8Tnaive_pSTAT3_PI', 'CD4Tnaive_pSTAT5_PI', 'CD8Tnaive_pSTAT3_IL33']",23
Fold 30,"['CD4Tcm_pSTAT3_Unstim', 'CD4Tnaive_pSTAT3_Unstim', 'CD4Tregs_pSTAT5_Unstim', 'CD8Tnaive_pSTAT3_Unstim', 'Granulocytes_pS6_Unstim', 'NK_cells_CD11cpos_HLADR_Unstim', 'Granulocytes_IkB_TNFa', 'Granulocytes_pS6_TNFa', 'CD4Tem_CCR2pos_pSTAT3_TNFa', 'CD4Tnaive_pSTAT3_TNFa', 'CD8Tnaive_pSTAT3_TNFa', 'Granulocytes_pS6_LPS', 'CD4Tcm_CCR2pos_pSTAT3_LPS', 'CD4Tnaive_pSTAT3_LPS', 'CD8Tnaive_pSTAT3_LPS', 'CD4Tcm_pSTAT3_IL246', 'CD4Tnaive_pSTAT3_IL246', 'CD4Tcm_pSTAT3_IFNa', 'CD4Tnaive_pSTAT3_IFNa', 'CD56loCD16posNK_pSTAT3_IFNa', 'CD8Tnaive_pSTAT3_IFNa', 'intMCs_pCREB_GMCSF', 'Granulocytes_pS6_GMCSF', 'CD4Tnaive_pSTAT3_GMCSF', 'MDSCs_pSTAT3_GMCSF', 'NK_cells_CD11cpos_HLADR_PI', 'Granulocytes_pS6_PI', 'CD4Tregs_pSTAT3_PI', 'CD8Tnaive_pSTAT3_PI', 'MDSCs_pSTAT3_PI', 'Granulocytes_pNFkB_IL33', 'CD56hiCD16negNK_pS6_IL33', 'CD8Tnaive_pSTAT3_IL33']",33
Fold 31,"['CD4Tcm_pSTAT3_Unstim', 'CD4Tnaive_pSTAT3_Unstim', 'CD4Tregs_pSTAT5_Unstim', 'Granulocytes_pS6_Unstim', 'Granulocytes_IkB_TNFa', 'intMCs_pCREB_TNFa', 'Granulocytes_pS6_TNFa', 'CD4Tnaive_pSTAT3_TNFa', 'CD8Tnaive_pSTAT3_TNFa', 'Granulocytes_pS6_LPS', 'CD4Tcm_CCR2pos_pSTAT3_LPS', 'CD4Tnaive_pSTAT3_LPS', 'CD4Tnaive_pSTAT3_IL246', 'CD4Tnaive_pSTAT5_IL246', 'intMCs_pCREB_IFNa', 'CD4Tcm_pSTAT3_IFNa', 'CD4Tnaive_pSTAT3_IFNa', 'CD4Tregs_pSTAT5_IFNa', 'intMCs_pCREB_GMCSF', 'Granulocytes_pS6_GMCSF', 'CD4Tnaive_pSTAT3_GMCSF', 'Granulocytes_pS6_PI', 'CD4Tcm_pSTAT3_PI', 'CD4Tnaive_pSTAT3_PI', 'CD8Tnaive_pSTAT3_PI', 'CD4Tnaive_pSTAT5_PI', 'CD56hiCD16negNK_pS6_IL33', 'CD8Tnaive_pSTAT3_IL33']",28
Fold 32,"['CD4Tcm_pSTAT3_Unstim', 'CD4Tnaive_pSTAT3_Unstim', 'CD4Tnaive_pSTAT5_Unstim', 'CD8Tnaive_pSTAT3_Unstim', 'CD4Tcm_pNFkB_TNFa', 'Granulocytes_pS6_TNFa', 'CD4Tcm_pSTAT3_TNFa', 'CD4Tem_CCR2pos_pSTAT3_TNFa', 'CD4Tnaive_pSTAT3_TNFa', 'CD8Tnaive_pSTAT3_TNFa', 'CD4Tcm_CCR2pos_pSTAT3_LPS', 'CD4Tnaive_pSTAT3_LPS', 'CD4Tregs_pSTAT3_LPS', 'CD4Tcm_pSTAT3_IL246', 'CD4Tnaive_pSTAT3_IL246', 'CD4Tnaive_pSTAT5_IL246', 'CD4Tcm_pSTAT3_IFNa', 'CD4Tnaive_pSTAT3_IFNa', 'intMCs_pCREB_GMCSF', 'Granulocytes_pS6_GMCSF', 'CD4Tnaive_pSTAT3_GMCSF', 'CD4negCD8negTcells_pMK2_PI', 'Granulocytes_pS6_PI', 'CD4Tcm_pSTAT3_PI', 'CD4Tnaive_pSTAT3_PI', 'CD4Tregs_pSTAT3_PI', 'CD8Tnaive_pSTAT3_PI', 'CD4Tnaive_pSTAT5_PI', 'CD8Tnaive_pSTAT5_PI', 'CD8Tcm_CCR2pos_HLADR_IL33', 'CD4Tem_CCR2pos_pMK2_IL33', 'CD8Tnaive_pSTAT3_IL33']",32
Fold 33,"['CD4Tnaive_pSTAT3_Unstim', 'CD8Tnaive_pSTAT3_Unstim', 'Granulocytes_pS6_Unstim', 'Granulocytes_IkB_TNFa', 'Granulocytes_pS6_TNFa', 'CD4Tnaive_pSTAT3_TNFa', 'CD8Tnaive_pSTAT3_TNFa', 'Granulocytes_pS6_LPS', 'CD4Tcm_CCR2pos_pSTAT3_LPS', 'CD4Tnaive_pSTAT3_LPS', 'CD4Tregs_pSTAT3_LPS', 'CD8Tcm_CCR2pos_pNFkB_IL246', 'CD4Tcm_pSTAT3_IL246', 'CD4Tnaive_pSTAT3_IL246', 'CD4Tregs_pSTAT3_IL246', 'CD4Tcm_pSTAT3_IFNa', 'CD4Tnaive_pSTAT3_IFNa', 'CD8Tnaive_pSTAT3_IFNa', 'Granulocytes_pS6_GMCSF', 'CD4Tnaive_pSTAT3_GMCSF', 'Granulocytes_pS6_PI', 'CD4Tnaive_pSTAT3_PI', 'CD4Tregs_pSTAT3_PI', 'CD8Tnaive_pSTAT3_PI', 'CD8Tnaive_pSTAT3_IL33']",25
Fold 34,"['CD4Tnaive_pSTAT3_Unstim', 'CD4Tnaive_pSTAT5_Unstim', 'CD4Tregs_pSTAT5_Unstim', 'Granulocytes_pS6_Unstim', 'Granulocytes_pS6_TNFa', 'CD4Tem_CCR2pos_pSTAT3_TNFa', 'CD4Tnaive_pSTAT3_TNFa', 'Granulocytes_pS6_LPS', 'CD4Tcm_CCR2pos_pSTAT3_LPS', 'CD4Tnaive_pSTAT3_LPS', 'CD4Tregs_pSTAT3_LPS', 'CD4Tnaive_pSTAT3_IL246', 'CD4Tnaive_pSTAT5_IL246', 'CD4Tcm_pSTAT3_IFNa', 'CD4Tnaive_pSTAT3_IFNa', 'CD4Tregs_pSTAT5_IFNa', 'Granulocytes_pS6_GMCSF', 'CD4Tnaive_pSTAT3_GMCSF', 'Granulocytes_pS6_PI', 'CD4Tnaive_pSTAT3_PI', 'CD8Tnaive_pSTAT3_PI', 'CD4Tnaive_pSTAT5_PI', 'CD4Tregs_pSTAT5_PI', 'CD4Tem_CCR2pos_pMK2_IL33', 'CD8Tnaive_pSTAT3_IL33']",25
Fold 35,"['CD4Tnaive_pSTAT5_Unstim', 'Granulocytes_pS6_Unstim', 'Granulocytes_pS6_TNFa', 'CD4Tnaive_pSTAT3_TNFa', 'CD8Tnaive_pSTAT3_TNFa', 'Granulocytes_pS6_LPS', 'CD4Tcm_CCR2pos_pSTAT3_LPS', 'CD4Tregs_pSTAT3_LPS', 'CD8Tnaive_pSTAT3_LPS', 'CD4Tnaive_pSTAT3_IL246', 'CD4Tcm_pSTAT3_IFNa', 'CD4Tnaive_pSTAT3_IFNa', 'CD8Tnaive_pSTAT3_IFNa', 'CD4Tregs_pSTAT5_IFNa', 'intMCs_pCREB_GMCSF', 'Granulocytes_pS6_GMCSF', 'CD4Tnaive_pSTAT3_GMCSF', 'Granulocytes_pS6_PI', 'CD4Tnaive_pSTAT3_PI', 'CD4Tnaive_pSTAT5_PI', 'CD8Tnaive_pSTAT5_PI', 'CD4Tcm_CD25_IL33', 'CD4Tregs_HLADR_IL33', 'CD4negCD8negTcells_pNFkB_IL33', 'CD8Tem_CCR2pos_pNFkB_IL33', 'ncMCs_pNFkB_IL33', 'Bcells_pS6_IL33', 'CD56hiCD16negNK_pS6_IL33', 'Granulocytes_pSTAT3_IL33']",29
Fold 36,"['CD4Tcm_pSTAT3_Unstim', 'CD4Tnaive_pSTAT3_Unstim', 'CD4Tnaive_pSTAT5_Unstim', 'CD4Tregs_pSTAT5_Unstim', 'CD8Tnaive_pSTAT3_Unstim', 'Granulocytes_IkB_TNFa', 'CD8Tcm_pNFkB_TNFa', 'Granulocytes_pS6_TNFa', 'CD4Tem_CCR2pos_pSTAT3_TNFa', 'CD4Tnaive_pSTAT3_TNFa', 'CD8Tnaive_pSTAT3_TNFa', 'Granulocytes_pS6_LPS', 'CD4Tcm_CCR2pos_pSTAT3_LPS', 'CD4Tnaive_pSTAT3_LPS', 'CD4Tregs_pSTAT3_LPS', 'CD8Tnaive_pSTAT3_LPS', 'CD4Tcm_pSTAT3_IL246', 'CD4Tnaive_pSTAT3_IL246', 'CD8Tnaive_pSTAT3_IL246', 'CD4Tnaive_pSTAT5_IL246', 'CD4Tcm_pSTAT3_IFNa', 'CD4Teff_pSTAT3_IFNa', 'CD4Tnaive_pSTAT3_IFNa', 'CD56loCD16posNK_pSTAT3_IFNa', 'CD8Tnaive_pSTAT3_IFNa', 'Granulocytes_pS6_GMCSF', 'CD4Tnaive_pSTAT3_GMCSF', 'Granulocytes_pS6_PI', 'CD4Tnaive_pSTAT3_PI', 'CD4Tregs_pSTAT3_PI', 'CD8Tnaive_pSTAT3_PI', 'CD4Tnaive_pSTAT5_PI', 'CD4Tem_CCR2pos_pMK2_IL33', 'CD8Tnaive_pSTAT3_IL33']",34
Fold 37,"['CD4Tcm_pSTAT3_Unstim', 'CD4Tnaive_pSTAT3_Unstim', 'CD4Tnaive_pSTAT5_Unstim', 'CD8Tnaive_pSTAT3_Unstim', 'Granulocytes_pS6_Unstim', 'Granulocytes_IkB_TNFa', 'intMCs_pCREB_TNFa', 'CD8Tcm_pNFkB_TNFa', 'Granulocytes_pS6_TNFa', 'CD4Tem_CCR2pos_pSTAT3_TNFa', 'CD4Tnaive_pSTAT3_TNFa', 'CD8Tnaive_pSTAT3_TNFa', 'Granulocytes_pS6_LPS', 'CD4Tcm_CCR2pos_pSTAT3_LPS', 'CD4Tnaive_pSTAT3_LPS', 'CD4Tregs_pSTAT3_LPS', 'CD8Tnaive_pSTAT3_LPS', 'CD4Tnaive_pSTAT5_LPS', 'NK_cells_CD11cneg_pNFkB_IL246', 'CD4Tcm_pSTAT3_IL246', 'CD4Tnaive_pSTAT3_IL246', 'CD4Tnaive_pSTAT5_IL246', 'CD4negCD8negTcells_pSTAT6_IL246', 'CD4Tcm_pSTAT3_IFNa', 'CD4Tnaive_pSTAT3_IFNa', 'CD8Tnaive_pSTAT3_IFNa', 'CD4Tnaive_pSTAT5_IFNa', 'Granulocytes_pS6_GMCSF', 'CD4Tnaive_pSTAT3_GMCSF', 'CD4negCD8negTcells_pMK2_PI', 'Granulocytes_pS6_PI', 'CD4Tnaive_pSTAT3_PI', 'CD4Tregs_pSTAT3_PI', 'CD8Tnaive_pSTAT3_PI', 'CD4Tnaive_pSTAT5_PI', 'CD8Tcm_CCR2pos_HLADR_IL33', 'mDCs_pCREB_IL33', 'CD4Tem_CCR2pos_pMK2_IL33', 'CD56hiCD16negNK_pS6_IL33', 'CD8Tnaive_pSTAT3_IL33']",40
Fold 38,"['CD4Tcm_pSTAT3_Unstim', 'CD4Tnaive_pSTAT3_Unstim', 'CD8Tnaive_pSTAT3_Unstim', 'Granulocytes_pS6_Unstim', 'Granulocytes_IkB_TNFa', 'CD8Tcm_pNFkB_TNFa', 'Granulocytes_pS6_TNFa', 'CD4Tnaive_pSTAT3_TNFa', 'CD8Tnaive_pSTAT3_TNFa', 'Granulocytes_pS6_LPS', 'CD4Tcm_CCR2pos_pSTAT3_LPS', 'CD4Tnaive_pSTAT3_LPS', 'CD4Tregs_pSTAT3_LPS', 'CD8Tnaive_pSTAT3_LPS', 'CD4Tcm_pSTAT3_IL246', 'CD4Tnaive_pSTAT3_IL246', 'CD4Tregs_pSTAT3_IL246', 'CD4Tcm_pSTAT3_IFNa', 'CD4Tnaive_pSTAT3_IFNa', 'CD8Tnaive_pSTAT3_IFNa', 'Granulocytes_pS6_GMCSF', 'CD4Tnaive_pSTAT3_GMCSF', 'CD4Tnaive_pSTAT3_PI', 'CD4Tregs_pSTAT3_PI', 'CD8Tnaive_pSTAT3_PI', 'CD8Tnaive_pSTAT3_IL33']",26
Fold 39,"['CD4Tnaive_pSTAT3_Unstim', 'CD4Tcm_pNFkB_TNFa', 'Granulocytes_pS6_TNFa', 'CD4Tnaive_pSTAT3_TNFa', 'CD4Tnaive_pSTAT3_LPS', 'CD4Tregs_pSTAT3_LPS', 'CD4Tnaive_pSTAT3_IL246', 'CD4Tnaive_pSTAT3_IFNa', 'Granulocytes_pS6_GMCSF', 'CD4Tnaive_pSTAT3_GMCSF', 'Granulocytes_pS6_PI', 'CD4Tnaive_pSTAT3_PI', 'CD8Tnaive_pSTAT3_PI', 'CD8Tnaive_pSTAT3_IL33']",14
Fold 40,"['CD4Tnaive_pSTAT3_Unstim', 'CD8Tnaive_pSTAT3_Unstim', 'Granulocytes_pS6_Unstim', 'Granulocytes_IkB_TNFa', 'CD4Tcm_pNFkB_TNFa', 'Granulocytes_pS6_TNFa', 'CD4Tnaive_pSTAT3_TNFa', 'CD8Tnaive_pSTAT3_TNFa', 'Granulocytes_pS6_LPS', 'CD4Tcm_CCR2pos_pSTAT3_LPS', 'CD4Tnaive_pSTAT3_LPS', 'CD4Tregs_pSTAT3_LPS', 'CD8Tnaive_pSTAT3_LPS', 'CD4Tnaive_pSTAT3_IL246', 'CD4Tnaive_pSTAT3_IFNa', 'CD8Tnaive_pSTAT3_IFNa', 'intMCs_pCREB_GMCSF', 'Granulocytes_pS6_GMCSF', 'CD4Tnaive_pSTAT3_GMCSF', 'Granulocytes_pS6_PI', 'CD4Tnaive_pSTAT3_PI', 'CD4Tregs_pSTAT3_PI', 'CD8Tnaive_pSTAT3_PI', 'CD8Tnaive_pSTAT3_IL33']",24
Fold 41,"['CD4Tcm_pSTAT3_Unstim', 'CD4Tnaive_pSTAT3_Unstim', 'CD4Tnaive_pSTAT5_Unstim', 'CD4negCD8negTcells_pSTAT6_Unstim', 'CD56hiCD16negNK_pS6_Unstim', 'CD8Tnaive_pSTAT3_Unstim', 'Granulocytes_pS6_Unstim', 'Granulocytes_IkB_TNFa', 'CD8Tcm_pNFkB_TNFa', 'Granulocytes_pS6_TNFa', 'CD4Tcm_pSTAT3_TNFa', 'CD4Tem_CCR2pos_pSTAT3_TNFa', 'CD4Tnaive_pSTAT3_TNFa', 'CD4Tregs_pSTAT3_TNFa', 'CD8Tnaive_pSTAT3_TNFa', 'Granulocytes_pS6_LPS', 'CD4Tcm_pSTAT3_LPS', 'CD4Tnaive_pSTAT3_LPS', 'CD4Tregs_pSTAT3_LPS', 'CD8Tnaive_pSTAT3_LPS', 'MDSCs_pSTAT3_LPS', 'CD4Tcm_pSTAT3_IL246', 'CD4Tnaive_pSTAT3_IL246', 'CD4Tnaive_pSTAT5_IL246', 'CD4negCD8negTcells_pSTAT6_IL246', 'CD4Tcm_pSTAT3_IFNa', 'CD4Tnaive_pSTAT3_IFNa', 'CD8Tnaive_pSTAT3_IFNa', 'Granulocytes_pS6_GMCSF', 'CD4Tnaive_pSTAT3_GMCSF', 'MDSCs_pSTAT3_GMCSF', 'Granulocytes_pS6_PI', 'CD4Tnaive_pSTAT3_PI', 'CD4Tregs_pSTAT3_PI', 'CD8Tnaive_pSTAT3_PI', 'MDSCs_pSTAT3_PI', 'CD4Tnaive_pSTAT5_PI', 'CD4Tem_CCR2pos_pMK2_IL33', 'CD56hiCD16negNK_pS6_IL33', 'CD8Tnaive_pSTAT3_IL33']",40
Fold 42,"['CD4Tcm_pSTAT3_Unstim', 'CD4Tnaive_pSTAT3_Unstim', 'CD8Tnaive_pSTAT3_Unstim', 'Granulocytes_pS6_Unstim', 'Granulocytes_IkB_TNFa', 'intMCs_pCREB_TNFa', 'CD8Tcm_pNFkB_TNFa', 'Granulocytes_pS6_TNFa', 'CD4Tcm_pSTAT3_TNFa', 'CD4Tem_CCR2pos_pSTAT3_TNFa', 'CD4Tnaive_pSTAT3_TNFa', 'CD8Tnaive_pSTAT3_TNFa', 'Granulocytes_pS6_LPS', 'CD4Tcm_CCR2pos_pSTAT3_LPS', 'CD4Tnaive_pSTAT3_LPS', 'CD8Tnaive_pSTAT3_LPS', 'CD4Tcm_pSTAT3_IL246', 'CD4Tnaive_pSTAT3_IL246', 'CD4Tnaive_pSTAT5_IL246', 'CD4Tcm_pSTAT3_IFNa', 'CD4Tnaive_pSTAT3_IFNa', 'CD8Tnaive_pSTAT3_IFNa', 'Granulocytes_pS6_GMCSF', 'CD4Tnaive_pSTAT3_GMCSF', 'Granulocytes_pMK2_PI', 'Granulocytes_pS6_PI', 'CD4Tcm_pSTAT3_PI', 'CD4Tnaive_pSTAT3_PI', 'CD8Tnaive_pSTAT3_PI', 'CD4Tnaive_pSTAT5_PI', 'CD4Tem_CCR2pos_pMK2_IL33', 'CD56hiCD16negNK_pS6_IL33', 'CD8Tnaive_pSTAT3_IL33']",33
Fold 43,"['CD4Tnaive_pSTAT3_Unstim', 'CD8Tnaive_pSTAT3_Unstim', 'Granulocytes_IkB_TNFa', 'CD8Tcm_pNFkB_TNFa', 'Granulocytes_pS6_TNFa', 'CD4Tem_CCR2pos_pSTAT3_TNFa', 'CD4Tnaive_pSTAT3_TNFa', 'CD8Tnaive_pSTAT3_TNFa', 'Granulocytes_pS6_LPS', 'CD4Tnaive_pSTAT3_LPS', 'CD4Tregs_pSTAT3_LPS', 'CD4Tcm_pSTAT3_IL246', 'CD4Tnaive_pSTAT3_IL246', 'CD4Tcm_pSTAT3_IFNa', 'CD4Tnaive_pSTAT3_IFNa', 'CD8Tnaive_pSTAT3_IFNa', 'Granulocytes_pS6_GMCSF', 'CD4Tnaive_pSTAT3_GMCSF', 'CD4Tnaive_pSTAT3_PI', 'CD8Tnaive_pSTAT3_PI', 'CD8Tnaive_pSTAT3_IL33']",21
Fold 44,"['CD4Tcm_pSTAT3_Unstim', 'CD4Tnaive_pSTAT3_Unstim', 'CD4Tnaive_pSTAT5_Unstim', 'CD8Tnaive_pSTAT3_Unstim', 'Granulocytes_IkB_Unstim', 'Granulocytes_pS6_Unstim', 'Granulocytes_IkB_TNFa', 'Granulocytes_pS6_TNFa', 'CD4Tem_CCR2pos_pSTAT3_TNFa', 'CD4Tnaive_pSTAT3_TNFa', 'CD8Tnaive_pSTAT3_TNFa', 'Granulocytes_IkB_LPS', 'CD4Tnaive_pSTAT3_LPS', 'CD4Tregs_pSTAT3_LPS', 'cMCs_IkB_IL246', 'CD4Tcm_pSTAT3_IL246', 'CD4Tnaive_pSTAT3_IL246', 'CD4Tnaive_pSTAT5_IL246', 'CD4Tcm_pSTAT3_IFNa', 'CD4Tnaive_pSTAT3_IFNa', 'intMCs_pCREB_GMCSF', 'Granulocytes_pS6_GMCSF', 'mDCs_pS6_GMCSF', 'CD4Tnaive_pSTAT3_GMCSF', 'CD4negCD8negTcells_pMK2_PI', 'Granulocytes_pS6_PI', 'CD4Tcm_pSTAT3_PI', 'CD4Tnaive_pSTAT3_PI', 'CD4Tregs_pSTAT3_PI', 'CD8Tnaive_pSTAT3_PI', 'CD4Tnaive_pSTAT5_PI', 'CD4Tem_CCR2pos_pMK2_IL33', 'CD8Tnaive_pSTAT3_IL33']",33
Fold 45,"['CD4Tcm_pSTAT3_Unstim', 'CD4Tnaive_pSTAT3_Unstim', 'CD4Tnaive_pSTAT5_Unstim', 'CD4Tregs_pSTAT5_Unstim', 'CD8Tnaive_pSTAT3_Unstim', 'Granulocytes_pS6_Unstim', 'Granulocytes_IkB_TNFa', 'intMCs_pCREB_TNFa', 'CD4Tnaive_pSTAT3_TNFa', 'CD8Tnaive_pSTAT3_TNFa', 'Granulocytes_pS6_LPS', 'CD4Tcm_CCR2pos_pSTAT3_LPS', 'CD4Tnaive_pSTAT3_LPS', 'CD4Tregs_pSTAT3_LPS', 'CD8Tnaive_pSTAT3_LPS', 'CD4Tcm_pSTAT3_IL246', 'CD4Tnaive_pSTAT3_IL246', 'CD4Tnaive_pSTAT5_IL246', 'intMCs_pCREB_IFNa', 'CD4Tcm_pSTAT3_IFNa', 'CD4Tnaive_pSTAT3_IFNa', 'CD8Tnaive_pSTAT3_IFNa', 'intMCs_pCREB_GMCSF', 'Granulocytes_pS6_GMCSF', 'CD4Tnaive_pSTAT3_GMCSF', 'CD4Tcm_pSTAT3_PI', 'CD4Tnaive_pSTAT3_PI', 'CD4Tregs_pSTAT3_PI', 'CD8Tnaive_pSTAT3_PI', 'CD4Tnaive_pSTAT5_PI', 'CD8Tnaive_pSTAT5_PI', 'CD56hiCD16negNK_pS6_IL33', 'CD8Tnaive_pSTAT3_IL33']",33
Fold 46,"['CD4Tcm_pSTAT3_Unstim', 'CD4Tnaive_pSTAT3_Unstim', 'CD8Tnaive_pSTAT3_Unstim', 'Granulocytes_pS6_Unstim', 'Granulocytes_pS6_TNFa', 'CD4Tem_CCR2pos_pSTAT3_TNFa', 'CD4Tnaive_pSTAT3_TNFa', 'CD8Tnaive_pSTAT3_TNFa', 'Granulocytes_pS6_LPS', 'CD4Tcm_CCR2pos_pSTAT3_LPS', 'CD4Tnaive_pSTAT3_LPS', 'CD4Tregs_pSTAT3_LPS', 'CD4Tcm_pSTAT3_IL246', 'CD4Tnaive_pSTAT3_IL246', 'CD4Tcm_pSTAT3_IFNa', 'CD4Tnaive_pSTAT3_IFNa', 'CD56loCD16posNK_pSTAT3_IFNa', 'Granulocytes_pS6_GMCSF', 'CD4Tnaive_pSTAT3_GMCSF', 'Granulocytes_pS6_PI', 'CD4Tcm_pSTAT3_PI', 'CD4Tnaive_pSTAT3_PI', 'CD8Tnaive_pSTAT3_PI', 'CD4Tnaive_pSTAT5_PI', 'mDCs_pCREB_IL33', 'CD56hiCD16negNK_pS6_IL33', 'CD8Tnaive_pSTAT3_IL33']",27
Fold 47,"['CD4Tnaive_pSTAT3_Unstim', 'CD4Tnaive_pSTAT5_Unstim', 'Granulocytes_pS6_Unstim', 'cMCs_HLADR_TNFa', 'mDCs_HLADR_TNFa', 'Granulocytes_IkB_TNFa', 'intMCs_pCREB_TNFa', 'CD4Tcm_pNFkB_TNFa', 'Granulocytes_pS6_TNFa', 'CD4Tem_CCR2pos_pSTAT3_TNFa', 'CD4Tnaive_pSTAT3_TNFa', 'CD8Tnaive_pSTAT3_TNFa', 'Granulocytes_pS6_LPS', 'CD4Tcm_CCR2pos_pSTAT3_LPS', 'CD4Tnaive_pSTAT3_LPS', 'CD4Tregs_pSTAT3_LPS', 'CD4Tnaive_pSTAT5_LPS', 'CD4Tnaive_pSTAT3_IL246', 'CD4Tnaive_pSTAT5_IL246', 'CD4Tcm_pSTAT3_IFNa', 'CD4Tnaive_pSTAT3_IFNa', 'CD4Tnaive_pSTAT5_IFNa', 'Granulocytes_pS6_GMCSF', 'CD4Tnaive_pSTAT3_GMCSF', 'CD8Teff_HLADR_PI', 'Granulocytes_pS6_PI', 'CD4Tcm_pSTAT3_PI', 'CD4Tnaive_pSTAT3_PI', 'CD8Tnaive_pSTAT3_PI', 'MDSCs_pSTAT3_PI', 'CD4Tnaive_pSTAT5_PI', 'CD8Tnaive_pSTAT5_PI', 'CD8Tcm_CCR2pos_HLADR_IL33', 'CD8Tem_HLADR_IL33', 'CD4Tem_CCR2pos_pMK2_IL33', 'Granulocytes_pNFkB_IL33', 'CD8Tnaive_pSTAT3_IL33']",37
Fold 48,"['CD4Tnaive_pSTAT3_Unstim', 'CD4Tregs_pSTAT5_Unstim', 'Granulocytes_pS6_Unstim', 'intMCs_pCREB_TNFa', 'CD8Tcm_pNFkB_TNFa', 'Granulocytes_pS6_TNFa', 'CD4Tcm_pSTAT3_TNFa', 'CD4Tnaive_pSTAT3_TNFa', 'Granulocytes_pS6_LPS', 'CD4Tnaive_pSTAT3_LPS', 'CD4Tregs_pSTAT3_LPS', 'CD4Tcm_pSTAT3_IL246', 'CD4Tnaive_pSTAT3_IL246', 'intMCs_pCREB_IFNa', 'CD4Tcm_CCR2pos_pNFkB_IFNa', 'CD4Tcm_pSTAT3_IFNa', 'CD4Tnaive_pSTAT3_IFNa', 'CD4Tregs_pSTAT5_IFNa', 'intMCs_pCREB_GMCSF', 'Granulocytes_pS6_GMCSF', 'CD4Tnaive_pSTAT3_GMCSF', 'Granulocytes_pS6_PI', 'CD4Tnaive_pSTAT3_PI', 'CD4Tregs_pSTAT3_PI', 'CD8Tnaive_pSTAT3_PI', 'CD4Tnaive_pSTAT5_PI', 'CD4Tregs_pSTAT5_PI', 'CD8Tnaive_pSTAT3_IL33']",28
Fold 49,"['CD4Tcm_pSTAT3_Unstim', 'CD4Tnaive_pSTAT3_Unstim', 'CD4Tnaive_pSTAT5_Unstim', 'Granulocytes_pS6_Unstim', 'Granulocytes_pS6_TNFa', 'CD4Tnaive_pSTAT3_TNFa', 'CD4Tregs_pSTAT3_TNFa', 'CD4Tnaive_pSTAT3_LPS', 'CD4Tregs_pSTAT3_LPS', 'CD4Tnaive_pSTAT5_LPS', 'CD4Tcm_pSTAT3_IL246', 'CD4Tnaive_pSTAT3_IL246', 'CD4Tregs_pSTAT3_IL246', 'CD4Tnaive_pSTAT5_IL246', 'CD4Tcm_pSTAT3_IFNa', 'CD4Tnaive_pSTAT3_IFNa', 'Granulocytes_pS6_GMCSF', 'CD4Tnaive_pSTAT3_GMCSF', 'Granulocytes_pS6_PI', 'CD4Tnaive_pSTAT3_PI', 'CD4Tregs_pSTAT3_PI', 'CD8Tnaive_pSTAT3_PI', 'CD4Tnaive_pSTAT5_PI', 'mDCs_pCREB_IL33', 'CD56hiCD16negNK_pS6_IL33', 'CD8Tnaive_pSTAT3_IL33']",26
Fold 50,"['CD4Tcm_pSTAT3_Unstim', 'CD4Tnaive_pSTAT3_Unstim', 'CD8Tnaive_pSTAT3_Unstim', 'Granulocytes_pS6_Unstim', 'CD8Tcm_pNFkB_TNFa', 'Granulocytes_pS6_TNFa', 'CD4Tem_CCR2pos_pSTAT3_TNFa', 'CD4Tnaive_pSTAT3_TNFa', 'CD8Tnaive_pSTAT3_TNFa', 'Granulocytes_pS6_LPS', 'CD4Tnaive_pSTAT3_LPS', 'CD4Tregs_pSTAT3_LPS', 'CD8Tnaive_pSTAT3_LPS', 'CD4Tcm_pSTAT3_IL246', 'CD4Tnaive_pSTAT3_IL246', 'CD4Tcm_pSTAT3_IFNa', 'CD4Tnaive_pSTAT3_IFNa', 'CD8Tnaive_pSTAT3_IFNa', 'intMCs_pCREB_GMCSF', 'Granulocytes_pS6_GMCSF', 'CD4Tnaive_pSTAT3_GMCSF', 'MDSCs_pSTAT3_GMCSF', 'Granulocytes_pS6_PI', 'CD4Tnaive_pSTAT3_PI', 'CD4Tregs_pSTAT3_PI', 'CD8Tnaive_pSTAT3_PI', 'MDSCs_pSTAT3_PI', 'CD4Tnaive_pSTAT5_PI', 'CD56hiCD16negNK_pS6_IL33', 'CD8Tnaive_pSTAT3_IL33']",30
Fold 51,"['CD4Tcm_pSTAT3_Unstim', 'CD4Tnaive_pSTAT3_Unstim', 'CD4Tnaive_pSTAT5_Unstim', 'CD8Tnaive_pSTAT3_Unstim', 'Granulocytes_pS6_Unstim', 'intMCs_pCREB_TNFa', 'CD8Tcm_pNFkB_TNFa', 'Granulocytes_pS6_TNFa', 'CD4Tcm_pSTAT3_TNFa', 'CD4Tem_CCR2pos_pSTAT3_TNFa', 'CD4Tnaive_pSTAT3_TNFa', 'CD4Tregs_pSTAT3_TNFa', 'CD8Tnaive_pSTAT3_TNFa', 'Granulocytes_pS6_LPS', 'CD4Tcm_pSTAT3_LPS', 'CD4Tcm_CCR2pos_pSTAT3_LPS', 'CD4Tnaive_pSTAT3_LPS', 'CD4Tcm_pSTAT3_IL246', 'CD4Tnaive_pSTAT3_IL246', 'CD4Tnaive_pSTAT5_IL246', 'CD4Tcm_pSTAT3_IFNa', 'CD4Tnaive_pSTAT3_IFNa', 'Granulocytes_pS6_GMCSF', 'CD4Tnaive_pSTAT3_GMCSF', 'CD8Teff_HLADR_PI', 'NK_cells_CD11cpos_HLADR_PI', 'CD8Tcm_CCR2pos_pNFkB_PI', 'Granulocytes_pS6_PI', 'CD4Tnaive_pSTAT3_PI', 'CD8Tnaive_pSTAT3_PI', 'CD4Tnaive_pSTAT5_PI', 'CD4Tcm_CD25_IL33', 'CD8Tnaive_pSTAT3_IL33']",33
Fold 52,"['CD4Tnaive_pSTAT3_Unstim', 'CD4Tnaive_pSTAT5_Unstim', 'CD8Tnaive_pSTAT3_Unstim', 'Granulocytes_pS6_Unstim', 'Granulocytes_pS6_TNFa', 'CD4Tem_CCR2pos_pSTAT3_TNFa', 'CD4Tnaive_pSTAT3_TNFa', 'CD8Tnaive_pSTAT3_TNFa', 'Granulocytes_pS6_LPS', 'CD4Tcm_CCR2pos_pSTAT3_LPS', 'CD4Tnaive_pSTAT3_LPS', 'NK_cells_CD11cneg_pNFkB_IL246', 'CD4Tcm_pSTAT3_IL246', 'CD4Tnaive_pSTAT3_IL246', 'CD8Tnaive_pSTAT5_IL246', 'intMCs_pCREB_IFNa', 'CD4Tcm_pSTAT3_IFNa', 'CD4Tnaive_pSTAT3_IFNa', 'Granulocytes_pS6_GMCSF', 'CD4Tnaive_pSTAT3_GMCSF', 'Granulocytes_pMK2_PI', 'Granulocytes_pS6_PI', 'CD4Tcm_pSTAT3_PI', 'CD4Tnaive_pSTAT3_PI', 'CD4Tregs_pSTAT3_PI', 'CD8Tnaive_pSTAT3_PI', 'CD4Tnaive_pSTAT5_PI', 'CD8Tnaive_pSTAT5_PI', 'CD4Tem_CCR2pos_pMK2_IL33', 'CD8Tnaive_pSTAT3_IL33']",30
Fold 53,"['CD4Tnaive_pSTAT3_Unstim', 'CD8Tnaive_pSTAT3_Unstim', 'Granulocytes_pS6_TNFa', 'CD4Tem_CCR2pos_pSTAT3_TNFa', 'CD4Tnaive_pSTAT3_TNFa', 'CD4Tregs_pSTAT3_TNFa', 'CD8Tnaive_pSTAT3_TNFa', 'CD4Tcm_CCR2pos_pSTAT3_LPS', 'CD4Tnaive_pSTAT3_LPS', 'CD8Tnaive_pSTAT3_LPS', 'CD4Tcm_pSTAT3_IL246', 'CD4Tnaive_pSTAT3_IL246', 'CD4Tcm_pSTAT3_IFNa', 'CD4Tnaive_pSTAT3_IFNa', 'CD8Tnaive_pSTAT3_IFNa', 'Granulocytes_pS6_GMCSF', 'CD4Tnaive_pSTAT3_GMCSF', 'CD4Tnaive_pSTAT3_PI', 'CD4Tregs_pSTAT3_PI', 'CD8Tnaive_pSTAT3_PI', 'CD4Tnaive_pSTAT5_PI', 'CD4Tregs_pSTAT5_PI', 'CD8Tcm_CCR2pos_HLADR_IL33', 'CD4Tem_CCR2pos_pMK2_IL33', 'CD8Tnaive_pSTAT3_IL33']",25
Fold 54,"['CD4Tcm_pSTAT3_Unstim', 'CD4Tnaive_pSTAT3_Unstim', 'CD4Tregs_pSTAT5_Unstim', 'CD8Tnaive_pSTAT3_Unstim', 'Granulocytes_pS6_Unstim', 'Granulocytes_IkB_TNFa', 'intMCs_pCREB_TNFa', 'Granulocytes_pS6_TNFa', 'CD4Tcm_pSTAT3_TNFa', 'CD4Tem_CCR2pos_pSTAT3_TNFa', 'CD4Tnaive_pSTAT3_TNFa', 'CD8Tnaive_pSTAT3_TNFa', 'Granulocytes_pS6_LPS', 'CD4Tcm_CCR2pos_pSTAT3_LPS', 'CD4Tnaive_pSTAT3_LPS', 'CD4Tregs_pSTAT3_LPS', 'CD4Tcm_pSTAT3_IL246', 'CD4Tnaive_pSTAT3_IL246', 'CD4Tcm_pSTAT3_IFNa', 'CD4Tnaive_pSTAT3_IFNa', 'Granulocytes_pS6_GMCSF', 'CD4Tnaive_pSTAT3_GMCSF', 'Granulocytes_pS6_PI', 'CD4Tnaive_pSTAT3_PI', 'CD4Tregs_pSTAT3_PI', 'CD8Tnaive_pSTAT3_PI', 'CD4Tnaive_pSTAT5_PI', 'CD8Tnaive_pSTAT3_IL33']",28
Fold 55,"['CD4Tnaive_pSTAT3_Unstim', 'CD4Tnaive_pSTAT5_Unstim', 'CD4Tregs_pSTAT5_Unstim', 'CD8Tnaive_pSTAT3_Unstim', 'Granulocytes_pS6_Unstim', 'Granulocytes_IkB_TNFa', 'Granulocytes_pS6_TNFa', 'CD4Tem_CCR2pos_pSTAT3_TNFa', 'CD4Tnaive_pSTAT3_TNFa', 'CD8Tnaive_pSTAT3_TNFa', 'Granulocytes_pS6_LPS', 'CD4Tcm_CCR2pos_pSTAT3_LPS', 'CD4Tnaive_pSTAT3_LPS', 'CD4Tregs_pSTAT3_LPS', 'CD4Tregs_pSTAT5_LPS', 'CD4Tnaive_pSTAT3_IL246', 'CD4Tregs_pSTAT3_IL246', 'CD4Tnaive_pSTAT5_IL246', 'CD4Tcm_pSTAT3_IFNa', 'CD4Tnaive_pSTAT3_IFNa', 'CD4Tnaive_pSTAT5_IFNa', 'CD4Tregs_pSTAT5_IFNa', 'intMCs_pCREB_GMCSF', 'Granulocytes_pS6_GMCSF', 'CD4Tnaive_pSTAT3_GMCSF', 'CD4negCD8negTcells_pMK2_PI', 'CD8Tcm_CCR2pos_pNFkB_PI', 'Granulocytes_pS6_PI', 'CD4Tnaive_pSTAT3_PI', 'CD4Tregs_pSTAT3_PI', 'CD8Tnaive_pSTAT3_PI', 'CD4Tnaive_pSTAT5_PI', 'CD8Tcm_CCR2pos_HLADR_IL33', 'mDCs_pCREB_IL33', 'CD4Tem_CCR2pos_pMK2_IL33', 'CD56hiCD16negNK_pS6_IL33', 'CD8Tnaive_pSTAT3_IL33']",37
Fold 56,"['CD4Tcm_pSTAT3_Unstim', 'CD4Tnaive_pSTAT3_Unstim', 'CD4Tnaive_pSTAT5_Unstim', 'CD8Tnaive_pSTAT3_Unstim', 'Granulocytes_pS6_Unstim', 'intMCs_pCREB_TNFa', 'mDCs_pCREB_TNFa', 'CD8Tcm_pNFkB_TNFa', 'Granulocytes_pS6_TNFa', 'CD4Tcm_pSTAT3_TNFa', 'CD4Tem_CCR2pos_pSTAT3_TNFa', 'CD4Tnaive_pSTAT3_TNFa', 'CD8Tnaive_pSTAT3_TNFa', 'Granulocytes_pS6_LPS', 'CD4Tcm_CCR2pos_pSTAT3_LPS', 'CD4Tnaive_pSTAT3_LPS', 'CD4Tcm_pSTAT3_IL246', 'CD4Tnaive_pSTAT3_IL246', 'CD4Tnaive_pSTAT5_IL246', 'CD4Tcm_pSTAT3_IFNa', 'CD4Tnaive_pSTAT3_IFNa', 'intMCs_pCREB_GMCSF', 'Granulocytes_pS6_GMCSF', 'CD4Tnaive_pSTAT3_GMCSF', 'Granulocytes_pS6_PI', 'CD4Tcm_pSTAT3_PI', 'CD4Tnaive_pSTAT3_PI', 'CD8Tnaive_pSTAT3_PI', 'CD4Tnaive_pSTAT5_PI', 'CD4Tem_CCR2pos_pMK2_IL33', 'CD8Tnaive_pSTAT3_IL33']",31
Fold 57,"['CD4Tnaive_pSTAT3_Unstim', 'CD4Tnaive_pSTAT5_Unstim', 'CD4Tregs_pSTAT5_Unstim', 'CD8Tnaive_pSTAT3_Unstim', 'Granulocytes_pS6_Unstim', 'intMCs_pCREB_TNFa', 'mDCs_pCREB_TNFa', 'Granulocytes_pS6_TNFa', 'CD4Tem_CCR2pos_pSTAT3_TNFa', 'CD4Tnaive_pSTAT3_TNFa', 'CD8Tnaive_pSTAT3_TNFa', 'CD8Tem_pCREB_LPS', 'Granulocytes_pS6_LPS', 'CD4Tnaive_pSTAT1_LPS', 'CD4Tnaive_pSTAT3_LPS', 'CD4Tregs_pSTAT3_LPS', 'CD8Tnaive_pSTAT3_LPS', 'CD4Tcm_pSTAT3_IL246', 'CD4Tnaive_pSTAT3_IL246', 'CD4Tnaive_pSTAT5_IL246', 'intMCs_pCREB_IFNa', 'CD4Tnaive_pSTAT1_IFNa', 'CD4Tcm_pSTAT3_IFNa', 'CD4Tnaive_pSTAT3_IFNa', 'CD8Tnaive_pSTAT3_IFNa', 'Granulocytes_pS6_GMCSF', 'CD4Tnaive_pSTAT3_GMCSF', 'Granulocytes_pS6_PI', 'CD4Tnaive_pSTAT3_PI', 'CD4Tregs_pSTAT3_PI', 'CD8Tnaive_pSTAT3_PI', 'CD4Tnaive_pSTAT5_PI', 'CD4Tregs_pSTAT5_PI', 'CD8Tnaive_pSTAT5_PI', 'MDSCs_pCREB_IL33', 'CD4Tem_CCR2pos_pMK2_IL33', 'Granulocytes_pNFkB_IL33', 'CD8Tnaive_pSTAT3_IL33']",38
Fold 58,"['CD4Tcm_pSTAT3_Unstim', 'CD4Tnaive_pSTAT3_Unstim', 'CD4Tnaive_pSTAT5_Unstim', 'CD4Tregs_pSTAT5_Unstim', 'CD8Tnaive_pSTAT3_Unstim', 'Granulocytes_pS6_Unstim', 'CD8Tcm_pNFkB_TNFa', 'Granulocytes_pS6_TNFa', 'CD4Tem_CCR2pos_pSTAT3_TNFa', 'CD4Tnaive_pSTAT3_TNFa', 'CD4Tregs_pSTAT3_TNFa', 'CD8Tnaive_pSTAT3_TNFa', 'Granulocytes_pS6_LPS', 'CD4Tnaive_pSTAT3_LPS', 'CD4Tregs_pSTAT3_LPS', 'cMCs_IkB_IL246', 'CD4Tcm_pSTAT3_IL246', 'CD4Tnaive_pSTAT3_IL246', 'CD4Tnaive_pSTAT5_IL246', 'CD4Tcm_pSTAT3_IFNa', 'CD4Tnaive_pSTAT3_IFNa', 'CD8Tnaive_pSTAT3_IFNa', 'intMCs_pCREB_GMCSF', 'Granulocytes_pS6_GMCSF', 'CD4Tnaive_pSTAT3_GMCSF', 'MDSCs_pSTAT3_GMCSF', 'Granulocytes_pS6_PI', 'CD4Tnaive_pSTAT3_PI', 'CD4Tregs_pSTAT3_PI', 'CD8Tnaive_pSTAT3_PI', 'MDSCs_pSTAT3_PI', 'CD4Tnaive_pSTAT5_PI', 'CD8Tnaive_pSTAT3_IL33']",33
Fold 59,"['CD4Tcm_pSTAT3_Unstim', 'CD4Tnaive_pSTAT3_Unstim', 'CD4Tnaive_pSTAT5_Unstim', 'CD4Tregs_pSTAT5_Unstim', 'CD8Tnaive_pSTAT3_Unstim', 'Granulocytes_pS6_Unstim', 'Granulocytes_IkB_TNFa', 'CD8Tcm_pNFkB_TNFa', 'Granulocytes_pS6_TNFa', 'CD4Tem_CCR2pos_pSTAT3_TNFa', 'CD4Tnaive_pSTAT3_TNFa', 'CD4Tregs_pSTAT3_TNFa', 'CD8Tnaive_pSTAT3_TNFa', 'Granulocytes_pS6_LPS', 'CD4Tcm_CCR2pos_pSTAT3_LPS', 'CD4Tnaive_pSTAT3_LPS', 'CD4Tcm_pSTAT3_IL246', 'CD4Tnaive_pSTAT3_IL246', 'CD4Tcm_pSTAT3_IFNa', 'CD4Tnaive_pSTAT3_IFNa', 'CD8Tnaive_pSTAT3_IFNa', 'Granulocytes_pS6_GMCSF', 'CD4Tnaive_pSTAT3_GMCSF', 'Granulocytes_pS6_PI', 'CD4Tnaive_pSTAT3_PI', 'CD4Tregs_pSTAT3_PI', 'CD8Tnaive_pSTAT3_PI', 'CD4Tnaive_pSTAT5_PI', 'CD4Tem_CCR2pos_pMK2_IL33', 'CD8Tnaive_pSTAT3_IL33']",30
Fold 60,"['CD4Tnaive_pSTAT3_Unstim', 'Granulocytes_pS6_Unstim', 'Granulocytes_IkB_TNFa', 'CD8Tcm_pNFkB_TNFa', 'Granulocytes_pS6_TNFa', 'CD4Tnaive_pSTAT3_TNFa', 'CD8Tnaive_pSTAT3_TNFa', 'Granulocytes_pS6_LPS', 'CD4Tnaive_pSTAT3_LPS', 'CD4Tregs_pSTAT3_LPS', 'MDSCs_pSTAT3_LPS', 'CD4negCD8negTcells_pNFkB_IL246', 'CD4Tnaive_pSTAT3_IL246', 'CD4Tnaive_pSTAT3_IFNa', 'Granulocytes_pS6_GMCSF', 'CD4Tnaive_pSTAT3_GMCSF', 'MDSCs_pSTAT3_GMCSF', 'Granulocytes_pS6_PI', 'CD4Tnaive_pSTAT3_PI', 'CD8Tnaive_pSTAT3_PI', 'MDSCs_pSTAT3_PI', 'CD4Tem_CCR2pos_pMK2_IL33', 'CD8Tnaive_pSTAT3_IL33']",23
Fold 61,"['CD4Tcm_pSTAT3_Unstim', 'CD4Tnaive_pSTAT3_Unstim', 'CD4Tnaive_pSTAT5_Unstim', 'CD4Tregs_pSTAT5_Unstim', 'CD8Tnaive_pSTAT3_Unstim', 'Granulocytes_pS6_Unstim', 'Granulocytes_IkB_TNFa', 'intMCs_pCREB_TNFa', 'CD4Tcm_pNFkB_TNFa', 'CD8Tcm_pNFkB_TNFa', 'Granulocytes_pS6_TNFa', 'CD4Tcm_pSTAT3_TNFa', 'CD4Tem_CCR2pos_pSTAT3_TNFa', 'CD4Tnaive_pSTAT3_TNFa', 'CD8Tnaive_pSTAT3_TNFa', 'Granulocytes_pS6_LPS', 'CD4Tcm_CCR2pos_pSTAT3_LPS', 'CD4Tnaive_pSTAT3_LPS', 'CD4Tcm_pSTAT3_IL246', 'CD4Tnaive_pSTAT3_IL246', 'CD4Tcm_pSTAT3_IFNa', 'CD4Tnaive_pSTAT3_IFNa', 'CD8Tnaive_pSTAT3_IFNa', 'intMCs_pCREB_GMCSF', 'Granulocytes_pS6_GMCSF', 'CD4Tnaive_pSTAT3_GMCSF', 'NK_cells_CD11cpos_HLADR_PI', 'Granulocytes_pS6_PI', 'CD4Tcm_pSTAT3_PI', 'CD4Tnaive_pSTAT3_PI', 'CD4Tregs_pSTAT3_PI', 'CD8Tnaive_pSTAT3_PI', 'CD4Tnaive_pSTAT5_PI', 'mDCs_pCREB_IL33', 'CD4Tem_CCR2pos_pMK2_IL33', 'CD8Tnaive_pSTAT3_IL33']",36
Fold 62,"['CD4Tcm_pSTAT3_Unstim', 'CD4Tnaive_pSTAT3_Unstim', 'CD4Tnaive_pSTAT5_Unstim', 'CD4Tregs_pSTAT5_Unstim', 'CD8Tnaive_pSTAT3_Unstim', 'Granulocytes_pS6_Unstim', 'Granulocytes_IkB_TNFa', 'Granulocytes_pS6_TNFa', 'CD4Tcm_pSTAT3_TNFa', 'CD4Tnaive_pSTAT3_TNFa', 'CD8Tnaive_pSTAT3_TNFa', 'Granulocytes_IkB_LPS', 'Granulocytes_pS6_LPS', 'CD4Tnaive_pSTAT1_LPS', 'CD4Tcm_pSTAT3_LPS', 'CD4Tcm_CCR2pos_pSTAT3_LPS', 'CD4Tnaive_pSTAT3_LPS', 'CD4Tregs_pSTAT3_LPS', 'CD8Tnaive_pSTAT3_LPS', 'CD4Tcm_pSTAT3_IL246', 'CD4Tnaive_pSTAT3_IL246', 'intMCs_pCREB_IFNa', 'CD4Tcm_pSTAT3_IFNa', 'CD4Tnaive_pSTAT3_IFNa', 'CD8Tnaive_pSTAT3_IFNa', 'intMCs_pCREB_GMCSF', 'Granulocytes_pS6_GMCSF', 'CD4Tnaive_pSTAT3_GMCSF', 'Granulocytes_pS6_PI', 'CD4Tcm_pSTAT3_PI', 'CD4Tnaive_pSTAT3_PI', 'CD4Tregs_pSTAT3_PI', 'CD8Tnaive_pSTAT3_PI', 'CD4Tnaive_pSTAT5_PI', 'CD8Tnaive_pSTAT5_PI', 'CD56hiCD16negNK_pS6_IL33', 'CD8Tnaive_pSTAT3_IL33']",37
Fold 63,"['CD4Tcm_pSTAT3_Unstim', 'CD4Tnaive_pSTAT3_Unstim', 'CD4Tnaive_pSTAT5_Unstim', 'CD8Tnaive_pSTAT3_Unstim', 'Granulocytes_pS6_Unstim', 'Granulocytes_pS6_TNFa', 'CD4Tem_CCR2pos_pSTAT3_TNFa', 'CD4Tnaive_pSTAT3_TNFa', 'CD8Tnaive_pSTAT3_TNFa', 'Granulocytes_pS6_LPS', 'CD4Tcm_CCR2pos_pSTAT3_LPS', 'CD4Tnaive_pSTAT3_LPS', 'CD4Tregs_pSTAT3_LPS', 'CD8Tnaive_pSTAT3_LPS', 'CD4Tnaive_pSTAT5_LPS', 'CD4Tcm_pSTAT3_IL246', 'CD4Tnaive_pSTAT3_IL246', 'CD4Tnaive_pSTAT5_IL246', 'CD4Tcm_pSTAT3_IFNa', 'CD4Tnaive_pSTAT3_IFNa', 'intMCs_pCREB_GMCSF', 'Granulocytes_pS6_GMCSF', 'CD4Tnaive_pSTAT3_GMCSF', 'MDSCs_pSTAT3_GMCSF', 'CD8Teff_HLADR_PI', 'Granulocytes_pS6_PI', 'CD4Tcm_pSTAT3_PI', 'CD4Tnaive_pSTAT3_PI', 'CD4Tregs_pSTAT3_PI', 'CD8Tnaive_pSTAT3_PI', 'CD4Tnaive_pSTAT5_PI', 'CD8Tnaive_pSTAT5_PI', 'CD8Tcm_CCR2pos_HLADR_IL33', 'CD4Tem_CCR2pos_pMK2_IL33', 'CD56hiCD16negNK_pS6_IL33', 'CD8Tnaive_pSTAT3_IL33']",36
Fold 64,"['CD4Tcm_pSTAT3_Unstim', 'CD4Tnaive_pSTAT3_Unstim', 'CD4Tnaive_pSTAT5_Unstim', 'CD4Tregs_pSTAT5_Unstim', 'CD8Tnaive_pSTAT3_Unstim', 'Granulocytes_pS6_Unstim', 'CD8Tcm_pNFkB_TNFa', 'Granulocytes_pS6_TNFa', 'CD4Tcm_pSTAT3_TNFa', 'CD4Tem_CCR2pos_pSTAT3_TNFa', 'CD4Tnaive_pSTAT3_TNFa', 'CD8Tnaive_pSTAT3_TNFa', 'Granulocytes_pS6_LPS', 'CD4Tnaive_pSTAT1_LPS', 'CD4Tcm_pSTAT3_LPS', 'CD4Tcm_CCR2pos_pSTAT3_LPS', 'CD4Tnaive_pSTAT3_LPS', 'CD4Tregs_pSTAT3_LPS', 'CD8Tnaive_pSTAT3_LPS', 'NK_cells_CD11cneg_pNFkB_IL246', 'CD4Tcm_pSTAT3_IL246', 'CD4Tnaive_pSTAT3_IL246', 'CD4Tnaive_pSTAT5_IL246', 'CD4Tregs_pSTAT5_IL246', 'CD4Tcm_pSTAT3_IFNa', 'CD4Tnaive_pSTAT3_IFNa', 'CD8Tnaive_pSTAT3_IFNa', 'CD4Tregs_pSTAT5_IFNa', 'Granulocytes_pS6_GMCSF', 'CD4Tnaive_pSTAT3_GMCSF', 'Granulocytes_pS6_PI', 'CD4Tcm_pSTAT3_PI', 'CD4Tnaive_pSTAT3_PI', 'CD4Tregs_pSTAT3_PI', 'CD8Tnaive_pSTAT3_PI', 'CD4Tnaive_pSTAT5_PI', 'CD4Tregs_pSTAT5_PI', 'CD8Tnaive_pSTAT5_PI', 'CD4Tem_CCR2pos_pMK2_IL33', 'CD8Tcm_CCR2pos_pS6_IL33', 'CD8Tnaive_pSTAT3_IL33']",41
Fold 65,"['CD4Tcm_pSTAT3_Unstim', 'CD4Tnaive_pSTAT3_Unstim', 'CD4Tnaive_pSTAT5_Unstim', 'CD4Tregs_pSTAT5_Unstim', 'CD56hiCD16negNK_pS6_Unstim', 'CD8Tnaive_pSTAT3_Unstim', 'Granulocytes_pS6_Unstim', 'mDCs_HLADR_TNFa', 'intMCs_pCREB_TNFa', 'CD4Tcm_pNFkB_TNFa', 'Granulocytes_pS6_TNFa', 'CD4Tcm_pSTAT3_TNFa', 'CD4Tem_CCR2pos_pSTAT3_TNFa', 'CD4Tnaive_pSTAT3_TNFa', 'CD8Tnaive_pSTAT3_TNFa', 'Granulocytes_pS6_LPS', 'CD4Tcm_CCR2pos_pSTAT3_LPS', 'CD4Tnaive_pSTAT3_LPS', 'CD4Tregs_pSTAT3_LPS', 'CD4Tcm_pSTAT3_IL246', 'CD4Tnaive_pSTAT3_IL246', 'CD4Tnaive_pSTAT5_IL246', 'CD4Tcm_pSTAT3_IFNa', 'CD4Tnaive_pSTAT3_IFNa', 'intMCs_pCREB_GMCSF', 'Granulocytes_pS6_GMCSF', 'CD4Tnaive_pSTAT3_GMCSF', 'MDSCs_pSTAT3_GMCSF', 'Granulocytes_pS6_PI', 'CD4Tnaive_pSTAT3_PI', 'CD8Tnaive_pSTAT3_PI', 'CD4Tnaive_pSTAT5_PI', 'CD56hiCD16negNK_pS6_IL33', 'CD8Tnaive_pSTAT3_IL33']",34
Fold 66,"['CD4Tcm_pSTAT5_Unstim', 'CD4Tnaive_pSTAT3_Unstim', 'CD4Tnaive_pSTAT5_Unstim', 'Granulocytes_pS6_Unstim', 'Granulocytes_pS6_TNFa', 'CD4Tcm_pSTAT3_TNFa', 'CD4Tnaive_pSTAT3_TNFa', 'CD8Tnaive_pSTAT3_TNFa', 'Granulocytes_pS6_LPS', 'CD4Tcm_CCR2pos_pSTAT3_LPS', 'CD4Tnaive_pSTAT3_LPS', 'CD8Tnaive_pSTAT3_LPS', 'CD4Tcm_pSTAT3_IFNa', 'CD4Tnaive_pSTAT3_IFNa', 'CD8Tnaive_pSTAT3_IFNa', 'CD4Tregs_pSTAT5_IFNa', 'intMCs_pCREB_GMCSF', 'Granulocytes_pS6_GMCSF', 'CD4Tnaive_pSTAT3_GMCSF', 'Granulocytes_pS6_PI', 'CD4Tnaive_pSTAT3_PI']",21
Fold 67,"['CD4Tcm_pSTAT3_Unstim', 'CD4Tnaive_pSTAT3_Unstim', 'Granulocytes_pS6_Unstim', 'CD4Tcm_pNFkB_TNFa', 'Granulocytes_pS6_TNFa', 'CD4Tcm_pSTAT3_TNFa', 'CD4Tem_CCR2pos_pSTAT3_TNFa', 'CD4Tnaive_pSTAT3_TNFa', 'Granulocytes_pS6_LPS', 'CD4Tcm_pSTAT3_LPS', 'CD4Tnaive_pSTAT3_LPS', 'CD4Tcm_pSTAT3_IL246', 'CD4Tnaive_pSTAT3_IL246', 'CD4negCD8negTcells_pSTAT6_IL246', 'CD4Tcm_pSTAT3_IFNa', 'CD4Tnaive_pSTAT3_IFNa', 'intMCs_pCREB_GMCSF', 'Granulocytes_pS6_GMCSF', 'CD4Tnaive_pSTAT3_GMCSF', 'MDSCs_pSTAT3_GMCSF', 'CD4negCD8negTcells_pMK2_PI', 'Granulocytes_pS6_PI', 'CD4Tcm_pSTAT3_PI', 'CD4Tnaive_pSTAT3_PI', 'CD4Tregs_pSTAT3_PI', 'CD8Tnaive_pSTAT3_PI', 'CD4Tnaive_pSTAT5_PI', 'CD8Tnaive_pSTAT3_IL33']",28
Fold 68,"['CD4Tcm_pSTAT3_Unstim', 'CD4Tnaive_pSTAT3_Unstim', 'CD4Tnaive_pSTAT5_Unstim', 'CD8Tnaive_pSTAT3_Unstim', 'Granulocytes_pS6_Unstim', 'Granulocytes_IkB_TNFa', 'intMCs_pCREB_TNFa', 'CD8Tcm_pNFkB_TNFa', 'Granulocytes_pS6_TNFa', 'mDCs_pS6_TNFa', 'CD4Tem_CCR2pos_pSTAT3_TNFa', 'CD4Tnaive_pSTAT3_TNFa', 'CD8Tnaive_pSTAT3_TNFa', 'Granulocytes_pS6_LPS', 'CD4Tcm_CCR2pos_pSTAT3_LPS', 'CD4Tnaive_pSTAT3_LPS', 'CD4Tregs_pSTAT3_LPS', 'CD4Tcm_pSTAT3_IL246', 'CD4Tnaive_pSTAT3_IL246', 'CD4Tnaive_pSTAT5_IL246', 'CD4Tcm_CCR2pos_pCREB_IFNa', 'intMCs_pCREB_IFNa', 'CD4Tcm_pSTAT3_IFNa', 'CD4Tnaive_pSTAT3_IFNa', 'CD8Tnaive_pSTAT3_IFNa', 'cMCs_HLADR_GMCSF', 'intMCs_pCREB_GMCSF', 'Granulocytes_pS6_GMCSF', 'CD4Tnaive_pSTAT3_GMCSF', 'MDSCs_pSTAT3_GMCSF', 'Granulocytes_pMK2_PI', 'Granulocytes_pS6_PI', 'CD4Tcm_pSTAT3_PI', 'CD4Tnaive_pSTAT3_PI', 'CD4Tregs_pSTAT3_PI', 'CD8Tnaive_pSTAT3_PI', 'MDSCs_pSTAT3_PI', 'CD4Tnaive_pSTAT5_PI', 'CD4Tcm_CD25_IL33', 'cMCs_HLADR_IL33', 'mDCs_pCREB_IL33', 'CD4Tem_CCR2pos_pMK2_IL33', 'CD56hiCD16negNK_pS6_IL33', 'CD8Tnaive_pSTAT3_IL33']",44
Fold 69,"['CD4Tnaive_pSTAT3_Unstim', 'CD4Tregs_pSTAT5_Unstim', 'CD8Tnaive_pSTAT3_Unstim', 'Granulocytes_pS6_Unstim', 'intMCs_pCREB_TNFa', 'Granulocytes_pS6_TNFa', 'CD4Tem_CCR2pos_pSTAT3_TNFa', 'CD4Tnaive_pSTAT3_TNFa', 'CD8Tnaive_pSTAT3_TNFa', 'Granulocytes_pS6_LPS', 'CD4Tcm_CCR2pos_pSTAT3_LPS', 'CD4Tnaive_pSTAT3_LPS', 'CD4Tregs_pSTAT3_LPS', 'CD4negCD8negTcells_pNFkB_IL246', 'CD4Tnaive_pSTAT3_IL246', 'CD4Tcm_pSTAT3_IFNa', 'CD4Tnaive_pSTAT3_IFNa', 'CD8Tnaive_pSTAT3_IFNa', 'Granulocytes_pS6_GMCSF', 'CD4Tnaive_pSTAT3_GMCSF', 'Granulocytes_pS6_PI', 'CD4Tnaive_pSTAT3_PI', 'CD4Tregs_pSTAT3_PI', 'CD8Tnaive_pSTAT3_PI', 'CD8Tnaive_pSTAT3_IL33']",25
Fold 70,"['CD4Tcm_CCR2pos_pSTAT5_Unstim', 'CD4Tnaive_pSTAT5_Unstim', 'Granulocytes_pS6_Unstim', 'Granulocytes_pS6_TNFa', 'CD4Tnaive_pSTAT3_TNFa', 'Granulocytes_pS6_LPS', 'CD4Tcm_CCR2pos_pSTAT3_LPS', 'CD4Tregs_pSTAT3_LPS', 'CD8Tnaive_pSTAT3_LPS', 'CD4negCD8negTcells_pNFkB_IL246', 'CD4Tnaive_pSTAT3_IL246', 'CD4Tnaive_pSTAT5_IL246', 'CD4Tnaive_pSTAT3_IFNa', 'CD8Tnaive_pSTAT3_IFNa', 'CD4Tnaive_pSTAT5_IFNa', 'intMCs_pCREB_GMCSF', 'Granulocytes_pS6_GMCSF', 'CD4Tnaive_pSTAT3_GMCSF', 'Granulocytes_pS6_PI', 'CD4Tnaive_pSTAT3_PI', 'CD4Tnaive_pSTAT5_PI', 'CD8Tnaive_pSTAT5_PI', 'CD4Tregs_HLADR_IL33', 'MDSCs_pCREB_IL33', 'CD4negCD8negTcells_pNFkB_IL33', 'CD8Tem_CCR2pos_pNFkB_IL33', 'ncMCs_pNFkB_IL33', 'Bcells_pS6_IL33', 'CD56hiCD16negNK_pS6_IL33', 'Granulocytes_pSTAT3_IL33']",30
Fold 71,"['CD4Tnaive_pSTAT3_Unstim', 'CD8Tnaive_pSTAT3_Unstim', 'Granulocytes_pS6_Unstim', 'Granulocytes_IkB_TNFa', 'CD4Tcm_pNFkB_TNFa', 'Granulocytes_pS6_TNFa', 'CD4Tnaive_pSTAT3_TNFa', 'CD4Tregs_pSTAT3_TNFa', 'CD8Tnaive_pSTAT3_TNFa', 'Granulocytes_pS6_LPS', 'CD4Tcm_CCR2pos_pSTAT3_LPS', 'CD4Tnaive_pSTAT3_LPS', 'CD4Tregs_pSTAT3_LPS', 'CD8Tnaive_pSTAT3_LPS', 'CD4Tnaive_pSTAT3_IL246', 'CD4Tcm_pSTAT3_IFNa', 'CD4Tnaive_pSTAT3_IFNa', 'CD8Tnaive_pSTAT3_IFNa', 'Granulocytes_pS6_GMCSF', 'CD4Tnaive_pSTAT3_GMCSF', 'Granulocytes_pS6_PI', 'CD4Tnaive_pSTAT3_PI', 'CD4Tregs_pSTAT3_PI', 'CD8Tnaive_pSTAT3_PI', 'CD8Tnaive_pSTAT3_IL33']",25
Fold 72,"['CD4Tcm_pSTAT3_Unstim', 'CD4Tnaive_pSTAT3_Unstim', 'CD8Tnaive_pSTAT3_Unstim', 'Granulocytes_pS6_Unstim', 'Granulocytes_pS6_TNFa', 'CD4Tem_CCR2pos_pSTAT3_TNFa', 'CD4Tnaive_pSTAT3_TNFa', 'CD8Tnaive_pSTAT3_TNFa', 'Granulocytes_pS6_LPS', 'CD4Tcm_CCR2pos_pSTAT3_LPS', 'CD4Tnaive_pSTAT3_LPS', 'CD4Tregs_pSTAT3_LPS', 'CD4Tcm_pSTAT3_IL246', 'CD4Tnaive_pSTAT3_IL246', 'CD4Tcm_pSTAT3_IFNa', 'CD4Tnaive_pSTAT3_IFNa', 'intMCs_pCREB_GMCSF', 'Granulocytes_pS6_GMCSF', 'CD4Tnaive_pSTAT3_GMCSF', 'Granulocytes_pS6_PI', 'CD4Tcm_pSTAT3_PI', 'CD4Tnaive_pSTAT3_PI', 'CD8Tnaive_pSTAT3_PI', 'CD4Tnaive_pSTAT5_PI', 'CD4Tem_CCR2pos_pMK2_IL33', 'CD8Tcm_CCR2pos_pS6_IL33', 'CD8Tnaive_pSTAT3_IL33']",27
Fold 73,"['CD4Tcm_pSTAT3_Unstim', 'CD4Tnaive_pSTAT3_Unstim', 'CD4Tnaive_pSTAT5_Unstim', 'CD4Tregs_pSTAT5_Unstim', 'Granulocytes_pS6_Unstim', 'CD4Tcm_pNFkB_TNFa', 'Granulocytes_pS6_TNFa', 'CD4Tcm_pSTAT3_TNFa', 'CD4Tem_CCR2pos_pSTAT3_TNFa', 'CD4Tnaive_pSTAT3_TNFa', 'CD8Tnaive_pSTAT3_TNFa', 'Granulocytes_pS6_LPS', 'CD4Tcm_CCR2pos_pSTAT3_LPS', 'CD4Tnaive_pSTAT3_LPS', 'CD4Tcm_pSTAT3_IL246', 'CD4Tnaive_pSTAT3_IL246', 'CD4Tnaive_pSTAT5_IL246', 'MDSCs_pCREB_IFNa', 'intMCs_pCREB_IFNa', 'CD4Tcm_pSTAT3_IFNa', 'CD4Tnaive_pSTAT3_IFNa', 'Granulocytes_pS6_GMCSF', 'CD4Tnaive_pSTAT3_GMCSF', 'Granulocytes_pS6_PI', 'CD4Tcm_pSTAT3_PI', 'CD4Tnaive_pSTAT3_PI', 'CD8Tnaive_pSTAT3_PI', 'CD4Tnaive_pSTAT5_PI', 'cMCs_HLADR_IL33', 'MDSCs_pCREB_IL33', 'mDCs_pCREB_IL33', 'CD4negCD8negTcells_pNFkB_IL33', 'CD56hiCD16negNK_pS6_IL33', 'CD8Tnaive_pSTAT3_IL33']",34
Fold 74,"['CD4Tnaive_pSTAT3_Unstim', 'CD8Tnaive_pSTAT3_Unstim', 'Granulocytes_IkB_TNFa', 'Granulocytes_pS6_TNFa', 'CD4Tnaive_pSTAT3_TNFa', 'CD8Tnaive_pSTAT3_TNFa', 'Granulocytes_pS6_LPS', 'CD4Tnaive_pSTAT3_LPS', 'CD4Tregs_pSTAT3_LPS', 'CD8Tnaive_pSTAT3_LPS', 'CD4negCD8negTcells_pNFkB_IL246', 'CD4Tcm_pSTAT3_IL246', 'CD4Tnaive_pSTAT3_IL246', 'CD4Tnaive_pSTAT3_IFNa', 'CD8Tnaive_pSTAT3_IFNa', 'intMCs_pCREB_GMCSF', 'Granulocytes_pS6_GMCSF', 'CD4Tnaive_pSTAT3_GMCSF', 'MDSCs_pSTAT3_GMCSF', 'NK_cells_CD11cpos_HLADR_PI', 'Granulocytes_pS6_PI', 'CD4Tnaive_pSTAT3_PI', 'CD8Tnaive_pSTAT3_PI', 'MDSCs_pSTAT3_PI', 'CD4Tnaive_pSTAT5_PI', 'CD8Tnaive_pSTAT3_IL33']",26
Fold 75,"['CD4Tnaive_pSTAT3_Unstim', 'CD8Tnaive_pSTAT3_Unstim', 'Granulocytes_pS6_Unstim', 'Granulocytes_IkB_TNFa', 'CD4Tcm_pNFkB_TNFa', 'Granulocytes_pS6_TNFa', 'CD4Tem_CCR2pos_pSTAT3_TNFa', 'CD4Tnaive_pSTAT3_TNFa', 'CD8Tnaive_pSTAT3_TNFa', 'Granulocytes_pS6_LPS', 'CD4Tcm_CCR2pos_pSTAT3_LPS', 'CD4Tnaive_pSTAT3_LPS', 'CD8Tnaive_pSTAT3_LPS', 'CD4Tcm_pSTAT3_IL246', 'CD4Tnaive_pSTAT3_IL246', 'CD4Tcm_pSTAT3_IFNa', 'CD4Tnaive_pSTAT3_IFNa', 'CD8Tnaive_pSTAT3_IFNa', 'Granulocytes_pS6_GMCSF', 'CD4Tnaive_pSTAT3_GMCSF', 'Granulocytes_pS6_PI', 'CD4Tcm_pSTAT3_PI', 'CD4Tnaive_pSTAT3_PI', 'CD4Tregs_pSTAT3_PI', 'CD8Tnaive_pSTAT3_PI', 'CD56hiCD16negNK_pS6_IL33', 'CD8Tnaive_pSTAT3_IL33']",27
Fold 76,"['CD4Tcm_pSTAT3_Unstim', 'CD4Tnaive_pSTAT3_Unstim', 'CD8Tnaive_pSTAT3_Unstim', 'Granulocytes_pS6_Unstim', 'Granulocytes_pS6_TNFa', 'CD4Tem_CCR2pos_pSTAT3_TNFa', 'CD4Tnaive_pSTAT3_TNFa', 'CD4Tregs_pSTAT3_TNFa', 'CD8Tnaive_pSTAT3_TNFa', 'Granulocytes_pS6_LPS', 'CD4Tnaive_pSTAT3_LPS', 'CD4Tregs_pSTAT3_LPS', 'CD4Tcm_pSTAT3_IL246', 'CD4Tnaive_pSTAT3_IL246', 'CD4Tcm_pSTAT3_IFNa', 'CD4Tnaive_pSTAT3_IFNa', 'CD8Tnaive_pSTAT3_IFNa', 'intMCs_pCREB_GMCSF', 'Granulocytes_pS6_GMCSF', 'CD4Tnaive_pSTAT3_GMCSF', 'MDSCs_pSTAT3_GMCSF', 'Granulocytes_pS6_PI', 'CD4Tcm_pSTAT3_PI', 'CD4Tnaive_pSTAT3_PI', 'CD4Tregs_pSTAT3_PI', 'CD8Tnaive_pSTAT3_PI', 'MDSCs_pSTAT3_PI', 'CD8Tcm_CCR2pos_HLADR_IL33', 'cMCs_HLADR_IL33', 'CD8Tnaive_pSTAT3_IL33']",30
Fold 77,"['CD4Tcm_pSTAT3_Unstim', 'CD4Tnaive_pSTAT3_Unstim', 'CD8Tnaive_pSTAT3_Unstim', 'Granulocytes_pS6_Unstim', 'Granulocytes_pS6_TNFa', 'CD4Tem_CCR2pos_pSTAT3_TNFa', 'CD4Tnaive_pSTAT3_TNFa', 'CD8Tnaive_pSTAT3_TNFa', 'Granulocytes_pS6_LPS', 'CD4Tcm_CCR2pos_pSTAT3_LPS', 'CD4Tnaive_pSTAT3_LPS', 'CD4Tregs_pSTAT3_LPS', 'CD4Tcm_pSTAT3_IL246', 'CD4Tnaive_pSTAT3_IL246', 'CD4Tcm_pSTAT3_IFNa', 'CD4Tnaive_pSTAT3_IFNa', 'CD8Tnaive_pSTAT3_IFNa', 'Granulocytes_pS6_GMCSF', 'CD4Tnaive_pSTAT3_GMCSF', 'Granulocytes_pS6_PI', 'CD4Tcm_pSTAT3_PI', 'CD4Tnaive_pSTAT3_PI', 'CD4Tregs_pSTAT3_PI', 'CD8Tnaive_pSTAT3_PI', 'CD4Tnaive_pSTAT5_PI', 'CD8Tnaive_pSTAT3_IL33']",26
Fold 78,"['CD4Tcm_pSTAT3_Unstim', 'CD4Tnaive_pSTAT3_Unstim', 'CD8Tnaive_pSTAT3_Unstim', 'Granulocytes_pS6_Unstim', 'Granulocytes_pS6_TNFa', 'CD4Tem_CCR2pos_pSTAT3_TNFa', 'CD4Tnaive_pSTAT3_TNFa', 'CD8Tnaive_pSTAT3_TNFa', 'Granulocytes_pS6_LPS', 'CD4Tcm_CCR2pos_pSTAT3_LPS', 'CD4Tnaive_pSTAT3_LPS', 'NK_cells_CD11cneg_pNFkB_IL246', 'CD4Tcm_pSTAT3_IL246', 'CD4Tnaive_pSTAT3_IL246', 'CD4negCD8negTcells_pSTAT6_IL246', 'CD4Tcm_pSTAT3_IFNa', 'CD4Tnaive_pSTAT3_IFNa', 'CD8Tnaive_pSTAT3_IFNa', 'Granulocytes_pS6_GMCSF', 'CD4Tnaive_pSTAT3_GMCSF', 'CD4negCD8negTcells_pMK2_PI', 'CD4Tnaive_pSTAT3_PI', 'CD8Tnaive_pSTAT3_PI', 'CD4Tnaive_pSTAT5_PI', 'mDCs_pCREB_IL33', 'CD4Tem_CCR2pos_pMK2_IL33', 'CD8Tnaive_pSTAT3_IL33']",27
Fold 79,"['CD4Tcm_pSTAT3_Unstim', 'CD4Tnaive_pSTAT3_Unstim', 'CD8Tnaive_pSTAT3_Unstim', 'Granulocytes_pS6_Unstim', 'Granulocytes_IkB_TNFa', 'Granulocytes_pS6_TNFa', 'CD4Tnaive_pSTAT3_TNFa', 'CD8Tnaive_pSTAT3_TNFa', 'Granulocytes_pS6_LPS', 'CD4Tnaive_pSTAT3_LPS', 'CD4Tregs_pSTAT3_LPS', 'CD8Tnaive_pSTAT3_LPS', 'CD4Tcm_pSTAT3_IL246', 'CD4Tnaive_pSTAT3_IL246', 'CD4Tnaive_pSTAT5_IL246', 'CD4Tnaive_pSTAT3_IFNa', 'CD8Tnaive_pSTAT3_IFNa', 'Granulocytes_pS6_GMCSF', 'CD4Tnaive_pSTAT3_GMCSF', 'Granulocytes_pS6_PI', 'CD4Tnaive_pSTAT3_PI', 'CD8Tnaive_pSTAT3_PI', 'CD4Tnaive_pSTAT5_PI', 'CD56hiCD16negNK_pS6_IL33', 'CD8Tnaive_pSTAT3_IL33']",25
Fold 80,"['CD4Tcm_pSTAT3_Unstim', 'CD4Tnaive_pSTAT3_Unstim', 'CD4Tnaive_pSTAT5_Unstim', 'CD4Tregs_pSTAT5_Unstim', 'CD8Tnaive_pSTAT3_Unstim', 'Granulocytes_pS6_Unstim', 'Granulocytes_IkB_TNFa', 'Granulocytes_pS6_TNFa', 'CD4Tnaive_pSTAT3_TNFa', 'CD8Tnaive_pSTAT3_TNFa', 'Granulocytes_IkB_LPS', 'Granulocytes_pS6_LPS', 'CD4Tcm_CCR2pos_pSTAT3_LPS', 'CD4Tnaive_pSTAT3_LPS', 'CD4Tregs_pSTAT3_LPS', 'CD4Tnaive_pSTAT5_LPS', 'CD4Tcm_pSTAT3_IL246', 'CD4Tnaive_pSTAT3_IL246', 'CD4Tnaive_pSTAT5_IL246', 'intMCs_pCREB_IFNa', 'CD4Tcm_pSTAT3_IFNa', 'CD4Tnaive_pSTAT3_IFNa', 'CD4Tnaive_pSTAT5_IFNa', 'intMCs_pCREB_GMCSF', 'Granulocytes_pS6_GMCSF', 'CD4Tnaive_pSTAT3_GMCSF', 'CD4negCD8negTcells_pMK2_PI', 'CD8Tcm_CCR2pos_pNFkB_PI', 'Granulocytes_pS6_PI', 'CD4Tnaive_pSTAT3_PI', 'CD4Tregs_pSTAT3_PI', 'CD8Tnaive_pSTAT3_PI', 'CD4Tnaive_pSTAT5_PI', 'CD8Tnaive_pSTAT5_PI', 'CD4Tem_CCR2pos_pMK2_IL33', 'CD8Tnaive_pSTAT3_IL33']",36
Fold 81,"['CD4Tcm_pSTAT3_Unstim', 'CD4Tnaive_pSTAT3_Unstim', 'Granulocytes_pS6_Unstim', 'CD4Tcm_pNFkB_TNFa', 'Granulocytes_pS6_TNFa', 'CD4Tem_CCR2pos_pSTAT3_TNFa', 'CD4Tnaive_pSTAT3_TNFa', 'Granulocytes_pS6_LPS', 'CD4Tcm_CCR2pos_pSTAT3_LPS', 'CD4Tnaive_pSTAT3_LPS', 'CD4Tregs_pSTAT3_LPS', 'CD4Tcm_pSTAT3_IL246', 'CD4Tnaive_pSTAT3_IL246', 'CD4Tcm_pSTAT3_IFNa', 'CD4Tnaive_pSTAT3_IFNa', 'Granulocytes_pS6_GMCSF', 'CD4Tnaive_pSTAT3_GMCSF', 'Granulocytes_pS6_PI', 'CD4Tcm_pSTAT3_PI', 'CD4Tnaive_pSTAT3_PI', 'CD4Tregs_pSTAT3_PI', 'CD8Tnaive_pSTAT3_PI', 'CD4Tnaive_pSTAT5_PI', 'CD4Tem_CCR2pos_pMK2_IL33', 'CD56hiCD16negNK_pS6_IL33', 'CD8Tcm_CCR2pos_pS6_IL33', 'CD8Tnaive_pSTAT3_IL33']",27
Fold 82,"['CD4Tnaive_pSTAT3_Unstim', 'CD8Tnaive_pSTAT3_Unstim', 'Granulocytes_pS6_Unstim', 'CD8Tcm_pNFkB_TNFa', 'Granulocytes_pS6_TNFa', 'CD4Tem_CCR2pos_pSTAT3_TNFa', 'CD4Tnaive_pSTAT3_TNFa', 'CD8Tnaive_pSTAT3_TNFa', 'Granulocytes_pS6_LPS', 'CD4Tcm_CCR2pos_pSTAT3_LPS', 'CD4Tnaive_pSTAT3_LPS', 'CD4Tregs_pSTAT3_LPS', 'CD8Tnaive_pSTAT3_LPS', 'CD4Tcm_pSTAT3_IL246', 'CD4Tnaive_pSTAT3_IL246', 'CD4Tcm_CCR2pos_pNFkB_IFNa', 'CD4Tcm_pSTAT3_IFNa', 'CD4Tnaive_pSTAT3_IFNa', 'CD8Tnaive_pSTAT3_IFNa', 'Granulocytes_pS6_GMCSF', 'CD4Tnaive_pSTAT3_GMCSF', 'Granulocytes_pS6_PI', 'CD4Tnaive_pSTAT3_PI', 'CD4Tregs_pSTAT3_PI', 'CD8Tnaive_pSTAT3_PI', 'CD4Tnaive_pSTAT5_PI', 'CD8Tnaive_pSTAT5_PI', 'CD4Tem_CCR2pos_pMK2_IL33', 'CD8Tnaive_pSTAT3_IL33']",29
Fold 83,"['CD4Tcm_pSTAT3_Unstim', 'CD4Tnaive_pSTAT3_Unstim', 'CD4Tnaive_pSTAT5_Unstim', 'Granulocytes_pS6_Unstim', 'Granulocytes_IkB_TNFa', 'Granulocytes_pS6_TNFa', 'CD4Tem_CCR2pos_pSTAT3_TNFa', 'CD4Tnaive_pSTAT3_TNFa', 'CD8Tnaive_pSTAT3_TNFa', 'Granulocytes_pS6_LPS', 'CD4Tcm_CCR2pos_pSTAT3_LPS', 'CD4Tnaive_pSTAT3_LPS', 'CD4Tregs_pSTAT3_LPS', 'CD4Tcm_pSTAT3_IL246', 'CD4Tnaive_pSTAT3_IL246', 'CD4Tnaive_pSTAT5_IL246', 'CD4Tcm_pSTAT3_IFNa', 'CD4Tnaive_pSTAT3_IFNa', 'CD8Tnaive_pSTAT3_IFNa', 'CD4Tnaive_pSTAT5_IFNa', 'intMCs_pCREB_GMCSF', 'Granulocytes_pS6_GMCSF', 'CD4Tnaive_pSTAT3_GMCSF', 'CD4Tcm_pSTAT3_PI', 'CD4Tnaive_pSTAT3_PI', 'CD8Tnaive_pSTAT3_PI', 'CD4Tnaive_pSTAT5_PI', 'mDCs_pCREB_IL33', 'CD8Tnaive_pSTAT3_IL33']",29
Fold 84,"['CD4Tnaive_pSTAT3_Unstim', 'CD8Tnaive_pSTAT3_Unstim', 'Granulocytes_pS6_Unstim', 'intMCs_pCREB_TNFa', 'CD4Tcm_pNFkB_TNFa', 'Granulocytes_pS6_TNFa', 'CD4Tnaive_pSTAT3_TNFa', 'CD8Tnaive_pSTAT3_TNFa', 'Granulocytes_pS6_LPS', 'CD4Tnaive_pSTAT3_LPS', 'CD4Tregs_pSTAT3_LPS', 'CD4Tcm_pSTAT3_IL246', 'CD4Tnaive_pSTAT3_IL246', 'CD4Tcm_pSTAT3_IFNa', 'CD4Tnaive_pSTAT3_IFNa', 'CD8Tnaive_pSTAT3_IFNa', 'intMCs_pCREB_GMCSF', 'Granulocytes_pS6_GMCSF', 'CD4Tnaive_pSTAT3_GMCSF', 'Granulocytes_pS6_PI', 'CD4Tnaive_pSTAT3_PI', 'CD8Tnaive_pSTAT3_PI', 'CD8Tnaive_pSTAT3_IL33']",23
Fold 85,"['CD4Tcm_pSTAT3_Unstim', 'CD4Tnaive_pSTAT3_Unstim', 'CD8Tnaive_pSTAT3_Unstim', 'Granulocytes_IkB_TNFa', 'CD4Tcm_pNFkB_TNFa', 'Granulocytes_pS6_TNFa', 'CD4Tnaive_pSTAT3_TNFa', 'CD8Tnaive_pSTAT3_TNFa', 'CD4Tcm_CCR2pos_pSTAT3_LPS', 'CD4Tnaive_pSTAT3_LPS', 'CD4Tregs_pSTAT3_LPS', 'CD8Tnaive_pSTAT3_LPS', 'CD4Tcm_pSTAT3_IL246', 'CD4Tnaive_pSTAT3_IL246', 'CD4Tcm_pSTAT3_IFNa', 'CD4Tnaive_pSTAT3_IFNa', 'CD8Tnaive_pSTAT3_IFNa', 'Granulocytes_pS6_GMCSF', 'CD4Tnaive_pSTAT3_GMCSF', 'CD4Tnaive_pSTAT3_PI', 'CD4Tregs_pSTAT3_PI', 'CD8Tnaive_pSTAT3_PI', 'CD4Tnaive_pSTAT5_PI', 'CD8Tnaive_pSTAT3_IL33', 'NKT_pSTAT3_IL33']",25
Fold 86,"['CD4Tnaive_pSTAT3_Unstim', 'CD8Tnaive_pSTAT3_Unstim', 'Granulocytes_IkB_TNFa', 'Granulocytes_pS6_TNFa', 'CD4Tnaive_pSTAT3_TNFa', 'CD8Tnaive_pSTAT3_TNFa', 'CD4Tnaive_pSTAT3_LPS', 'CD8Tnaive_pSTAT3_LPS', 'CD4Tcm_pSTAT3_IL246', 'CD4Tnaive_pSTAT3_IL246', 'CD8Tnaive_pSTAT3_IL246', 'CD4Tnaive_pSTAT3_IFNa', 'CD8Tnaive_pSTAT3_IFNa', 'intMCs_pCREB_GMCSF', 'Granulocytes_pS6_GMCSF', 'CD4Tnaive_pSTAT3_GMCSF', 'CD4Tnaive_pSTAT3_PI', 'CD4Tregs_pSTAT3_PI', 'CD8Tnaive_pSTAT3_PI', 'CD4Tem_CCR2pos_pMK2_IL33', 'CD56hiCD16negNK_pS6_IL33', 'CD8Tnaive_pSTAT3_IL33']",22
Fold 87,"['CD4Tcm_pSTAT3_Unstim', 'CD4Tnaive_pSTAT3_Unstim', 'CD8Tnaive_pSTAT3_Unstim', 'Granulocytes_pS6_TNFa', 'CD4Tem_CCR2pos_pSTAT3_TNFa', 'CD4Tnaive_pSTAT3_TNFa', 'CD8Tnaive_pSTAT3_TNFa', 'CD4Tcm_CCR2pos_pSTAT3_LPS', 'CD4Tnaive_pSTAT3_LPS', 'CD4Tregs_pSTAT3_LPS', 'CD8Tnaive_pSTAT3_LPS', 'CD4Tcm_pSTAT3_IL246', 'CD4Tnaive_pSTAT3_IL246', 'CD4Tregs_pSTAT3_IL246', 'CD4Tnaive_pSTAT5_IL246', 'CD4Tcm_pSTAT3_IFNa', 'CD4Tnaive_pSTAT3_IFNa', 'CD8Tnaive_pSTAT3_IFNa', 'Granulocytes_pS6_GMCSF', 'CD4Tnaive_pSTAT3_GMCSF', 'CD4negCD8negTcells_pMK2_PI', 'CD4Tcm_pSTAT3_PI', 'CD4Tnaive_pSTAT3_PI', 'CD4Tregs_pSTAT3_PI', 'CD8Tnaive_pSTAT3_PI', 'CD4Tnaive_pSTAT5_PI', 'CD4Tem_CCR2pos_pMK2_IL33', 'CD8Tnaive_pSTAT3_IL33']",28
Fold 88,"['CD4Tcm_pSTAT3_Unstim', 'CD4Tnaive_pSTAT3_Unstim', 'CD4Tnaive_pSTAT5_Unstim', 'CD8Tnaive_pSTAT3_Unstim', 'Granulocytes_pS6_Unstim', 'Granulocytes_IkB_TNFa', 'CD8Tcm_pNFkB_TNFa', 'Granulocytes_pS6_TNFa', 'CD4Tcm_pSTAT3_TNFa', 'CD4Tem_CCR2pos_pSTAT3_TNFa', 'CD4Tnaive_pSTAT3_TNFa', 'CD4Tregs_pSTAT3_TNFa', 'CD8Tnaive_pSTAT3_TNFa', 'Granulocytes_pS6_LPS', 'CD4Tcm_pSTAT3_LPS', 'CD4Tcm_CCR2pos_pSTAT3_LPS', 'CD4Tnaive_pSTAT3_LPS', 'CD4Tregs_pSTAT3_LPS', 'CD4Tcm_pSTAT3_IL246', 'CD4Tnaive_pSTAT3_IL246', 'CD4Tcm_pSTAT3_IFNa', 'CD4Tnaive_pSTAT3_IFNa', 'intMCs_pCREB_GMCSF', 'Granulocytes_pS6_GMCSF', 'CD4Tnaive_pSTAT3_GMCSF', 'Granulocytes_pS6_PI', 'CD4Tnaive_pSTAT3_PI', 'CD4Tregs_pSTAT3_PI', 'CD8Tnaive_pSTAT3_PI', 'CD4Tnaive_pSTAT5_PI', 'CD56hiCD16negNK_pS6_IL33', 'CD8Tnaive_pSTAT3_IL33']",32
Fold 89,"['CD4Tcm_pSTAT3_Unstim', 'CD4Tnaive_pSTAT3_Unstim', 'CD4Tregs_pSTAT5_Unstim', 'CD8Tnaive_pSTAT3_Unstim', 'Granulocytes_pS6_Unstim', 'CD8Tcm_pNFkB_TNFa', 'Granulocytes_pS6_TNFa', 'mDCs_pS6_TNFa', 'CD4Tem_CCR2pos_pSTAT3_TNFa', 'CD4Tnaive_pSTAT3_TNFa', 'CD8Tnaive_pSTAT3_TNFa', 'CD4Tnaive_pSTAT1_LPS', 'CD4Tcm_CCR2pos_pSTAT3_LPS', 'CD4Tnaive_pSTAT3_LPS', 'CD4Tregs_pSTAT3_LPS', 'CD8Tnaive_pSTAT3_LPS', 'CD4Tcm_pSTAT3_IL246', 'CD4Tnaive_pSTAT3_IL246', 'CD4Tcm_pSTAT3_IFNa', 'CD4Tnaive_pSTAT3_IFNa', 'CD8Tnaive_pSTAT3_IFNa', 'intMCs_pCREB_GMCSF', 'Granulocytes_pS6_GMCSF', 'CD4Tnaive_pSTAT3_GMCSF', 'Granulocytes_pS6_PI', 'CD4Tnaive_pSTAT3_PI', 'CD4Tregs_pSTAT3_PI', 'CD8Tnaive_pSTAT3_PI', 'CD4Tnaive_pSTAT5_PI', 'CD8Tnaive_pSTAT5_PI', 'CD4Tem_CCR2pos_pMK2_IL33', 'CD8Tcm_CCR2pos_pS6_IL33', 'CD8Tnaive_pSTAT3_IL33']",33
Fold 90,"['CD4Tnaive_pSTAT3_Unstim', 'CD8Tnaive_pSTAT3_Unstim', 'Granulocytes_pS6_Unstim', 'intMCs_pCREB_TNFa', 'Granulocytes_pS6_TNFa', 'CD4Tem_CCR2pos_pSTAT3_TNFa', 'CD4Tnaive_pSTAT3_TNFa', 'CD8Tnaive_pSTAT3_TNFa', 'Granulocytes_pS6_LPS', 'CD4Tcm_CCR2pos_pSTAT3_LPS', 'CD4Tnaive_pSTAT3_LPS', 'CD4Tregs_pSTAT3_LPS', 'CD8Tnaive_pSTAT3_LPS', 'CD4Tcm_pSTAT3_IL246', 'CD4Tnaive_pSTAT3_IL246', 'intMCs_pCREB_IFNa', 'CD4Tcm_pSTAT3_IFNa', 'CD4Tnaive_pSTAT3_IFNa', 'CD8Tnaive_pSTAT3_IFNa', 'intMCs_pCREB_GMCSF', 'Granulocytes_pS6_GMCSF', 'CD4Tnaive_pSTAT3_GMCSF', 'MDSCs_pSTAT3_GMCSF', 'Granulocytes_pMK2_PI', 'CD4Tnaive_pSTAT3_PI', 'CD8Tnaive_pSTAT3_PI', 'CD4Tnaive_pSTAT5_PI', 'CD8Tnaive_pSTAT3_IL33']",28
Fold 91,"['CD4Tnaive_pSTAT3_Unstim', 'CD4Tnaive_pSTAT5_Unstim', 'CD8Tnaive_pSTAT3_Unstim', 'Granulocytes_pS6_Unstim', 'Granulocytes_pS6_TNFa', 'CD4Tem_CCR2pos_pSTAT3_TNFa', 'CD4Tnaive_pSTAT3_TNFa', 'CD8Tnaive_pSTAT3_TNFa', 'Granulocytes_pS6_LPS', 'CD4Tcm_CCR2pos_pSTAT3_LPS', 'CD4Tnaive_pSTAT3_LPS', 'CD4Tcm_pSTAT3_IL246', 'CD4Tnaive_pSTAT3_IL246', 'CD4Tcm_pSTAT3_IFNa', 'CD4Tnaive_pSTAT3_IFNa', 'Granulocytes_pS6_GMCSF', 'CD4Tnaive_pSTAT3_GMCSF', 'Granulocytes_pMK2_PI', 'pDCs_pMK2_PI', 'CD8Tcm_CCR2pos_pNFkB_PI', 'Granulocytes_pS6_PI', 'CD4Tnaive_pSTAT3_PI', 'CD8Tnaive_pSTAT3_PI', 'CD4Tnaive_pSTAT5_PI', 'CD4Tem_CCR2pos_pMK2_IL33', 'CD8Tnaive_pSTAT3_IL33']",26
Fold 92,"['CD4Tcm_pSTAT3_Unstim', 'CD4Tnaive_pSTAT3_Unstim', 'CD4Tnaive_pSTAT5_Unstim', 'CD8Tcm_CCR2pos_pNFkB_Unstim', 'CD8Tnaive_pSTAT3_Unstim', 'Granulocytes_pS6_Unstim', 'intMCs_pCREB_TNFa', 'CD4Tcm_pNFkB_TNFa', 'CD8Tcm_pNFkB_TNFa', 'Granulocytes_pS6_TNFa', 'CD4Tem_CCR2pos_pSTAT3_TNFa', 'CD4Tnaive_pSTAT3_TNFa', 'Granulocytes_pS6_LPS', 'CD4Tcm_CCR2pos_pSTAT3_LPS', 'CD4Tnaive_pSTAT3_LPS', 'CD4Tregs_pSTAT3_LPS', 'CD8Tcm_pNFkB_IL246', 'CD4Tcm_pSTAT3_IL246', 'CD4Tnaive_pSTAT3_IL246', 'CD4Tnaive_pSTAT5_IL246', 'intMCs_pCREB_IFNa', 'CD8Tcm_pNFkB_IFNa', 'CD4Tcm_pSTAT3_IFNa', 'CD4Tnaive_pSTAT3_IFNa', 'Granulocytes_pS6_GMCSF', 'CD4Tnaive_pSTAT3_GMCSF', 'NK_cells_CD11cpos_HLADR_PI', 'CD8Tcm_CCR2pos_pNFkB_PI', 'Granulocytes_pS6_PI', 'CD4Tcm_pSTAT3_PI', 'CD4Tnaive_pSTAT3_PI', 'CD4Tregs_pSTAT3_PI', 'CD8Tnaive_pSTAT3_PI', 'CD4Tnaive_pSTAT5_PI', 'mDCs_pCREB_IL33', 'CD56hiCD16negNK_pS6_IL33', 'CD8Tnaive_pSTAT3_IL33']",37
Fold 93,"['CD4Tcm_pSTAT3_Unstim', 'CD4Tnaive_pSTAT3_Unstim', 'CD8Tnaive_pSTAT3_Unstim', 'Granulocytes_IkB_TNFa', 'CD4Tcm_pNFkB_TNFa', 'Granulocytes_pS6_TNFa', 'CD4Tnaive_pSTAT3_TNFa', 'CD8Tnaive_pSTAT3_TNFa', 'Granulocytes_pS6_LPS', 'CD4Tcm_CCR2pos_pSTAT3_LPS', 'CD4Tnaive_pSTAT3_LPS', 'CD8Tnaive_pSTAT3_LPS', 'CD4Tcm_pSTAT3_IL246', 'CD4Tnaive_pSTAT3_IL246', 'CD4Tnaive_pSTAT3_IFNa', 'CD8Tnaive_pSTAT3_IFNa', 'Granulocytes_pS6_GMCSF', 'CD4Tnaive_pSTAT3_GMCSF', 'CD4Tnaive_pSTAT3_PI', 'CD8Tnaive_pSTAT3_PI', 'CD4Tem_CCR2pos_pMK2_IL33', 'CD8Tnaive_pSTAT3_IL33', 'mDCs_pSTAT6_IL33']",23
Fold 94,"['CD4Tnaive_pSTAT3_Unstim', 'CD4Tnaive_pSTAT5_Unstim', 'CD8Tnaive_pSTAT3_Unstim', 'Granulocytes_IkB_Unstim', 'Granulocytes_pS6_Unstim', 'Granulocytes_IkB_TNFa', 'CD4Tnaive_pSTAT3_TNFa', 'CD8Tnaive_pSTAT3_TNFa', 'Granulocytes_IkB_LPS', 'Granulocytes_pS6_LPS', 'CD4Tnaive_pSTAT3_LPS', 'CD4Tregs_pSTAT3_LPS', 'CD4Tcm_pSTAT3_IL246', 'CD4Tnaive_pSTAT3_IL246', 'CD4Tnaive_pSTAT5_IL246', 'CD4Tcm_pSTAT3_IFNa', 'CD4Tnaive_pSTAT3_IFNa', 'CD8Tnaive_pSTAT3_IFNa', 'intMCs_pCREB_GMCSF', 'Granulocytes_pS6_GMCSF', 'CD4Tnaive_pSTAT3_GMCSF', 'CD4negCD8negTcells_pMK2_PI', 'Granulocytes_pS6_PI', 'CD4Tnaive_pSTAT3_PI', 'CD8Tnaive_pSTAT3_PI', 'CD4Tnaive_pSTAT5_PI', 'CD8Tcm_CCR2pos_HLADR_IL33', 'mDCs_pCREB_IL33', 'CD8Tnaive_pSTAT3_IL33']",29
Fold 95,"['CD4Tcm_pSTAT3_Unstim', 'CD4Tnaive_pSTAT3_Unstim', 'CD8Tnaive_pSTAT3_Unstim', 'Granulocytes_pS6_Unstim', 'Granulocytes_pS6_TNFa', 'CD4Tnaive_pSTAT3_TNFa', 'CD8Tnaive_pSTAT3_TNFa', 'Granulocytes_pS6_LPS', 'CD4Tnaive_pSTAT3_LPS', 'CD4Tregs_pSTAT3_LPS', 'CD4Tcm_pSTAT3_IL246', 'CD4Tnaive_pSTAT3_IL246', 'pDCs_pSTAT3_IL246', 'intMCs_pCREB_IFNa', 'CD4Tcm_pSTAT3_IFNa', 'CD4Tnaive_pSTAT3_IFNa', 'intMCs_pCREB_GMCSF', 'Granulocytes_pS6_GMCSF', 'CD4Tnaive_pSTAT3_GMCSF', 'CD4Tcm_pSTAT3_PI', 'CD4Tnaive_pSTAT3_PI', 'CD4Tregs_pSTAT3_PI', 'CD8Tnaive_pSTAT3_PI', 'CD56hiCD16negNK_pS6_IL33', 'CD8Tnaive_pSTAT3_IL33']",25
Fold 96,"['CD4Tcm_pSTAT3_Unstim', 'CD4Tnaive_pSTAT3_Unstim', 'CD8Tnaive_pSTAT3_Unstim', 'Granulocytes_pS6_Unstim', 'Granulocytes_pS6_TNFa', 'CD4Tem_CCR2pos_pSTAT3_TNFa', 'CD4Tnaive_pSTAT3_TNFa', 'CD8Tnaive_pSTAT3_TNFa', 'Granulocytes_pS6_LPS', 'CD4Tcm_CCR2pos_pSTAT3_LPS', 'CD4Tnaive_pSTAT3_LPS', 'CD4Tregs_pSTAT3_LPS', 'CD8Tnaive_pSTAT3_LPS', 'CD4Tcm_pSTAT3_IL246', 'CD4Tnaive_pSTAT3_IL246', 'CD4Tcm_pSTAT3_IFNa', 'CD4Tnaive_pSTAT3_IFNa', 'CD56loCD16posNK_pSTAT3_IFNa', 'CD8Tnaive_pSTAT3_IFNa', 'intMCs_pCREB_GMCSF', 'Granulocytes_pS6_GMCSF', 'CD4Tnaive_pSTAT3_GMCSF', 'MDSCs_pSTAT3_GMCSF', 'Granulocytes_pS6_PI', 'CD4Tnaive_pSTAT3_PI', 'CD4Tregs_pSTAT3_PI', 'CD8Tnaive_pSTAT3_PI', 'CD8Tnaive_pSTAT3_IL33']",28
Fold 97,"['CD4Tnaive_pSTAT3_Unstim', 'Granulocytes_pS6_Unstim', 'Granulocytes_pS6_TNFa', 'CD4Tnaive_pSTAT3_TNFa', 'CD8Tnaive_pSTAT3_TNFa', 'Granulocytes_pS6_LPS', 'CD4Tcm_CCR2pos_pSTAT3_LPS', 'CD4Tnaive_pSTAT3_LPS', 'CD8Tnaive_pSTAT3_LPS', 'CD4Tregs_pNFkB_IL246', 'CD4Tnaive_pSTAT3_IL246', 'CD4Tnaive_pSTAT5_IL246', 'CD4Tnaive_pSTAT3_IFNa', 'CD8Tnaive_pSTAT3_IFNa', 'Granulocytes_pS6_GMCSF', 'CD4Tnaive_pSTAT3_GMCSF', 'Granulocytes_pS6_PI', 'CD4Tcm_pSTAT3_PI', 'CD4Tnaive_pSTAT3_PI', 'CD8Tnaive_pSTAT3_PI', 'CD4Tnaive_pSTAT5_PI', 'CD8Tnaive_pSTAT5_PI', 'CD4Tem_CCR2pos_pMK2_IL33', 'CD56hiCD16negNK_pS6_IL33', 'CD8Tnaive_pSTAT3_IL33']",25
Fold 98,"['CD4Tcm_pSTAT3_Unstim', 'CD4Tnaive_pSTAT3_Unstim', 'CD8Tnaive_pSTAT3_Unstim', 'Granulocytes_pS6_Unstim', 'CD8Tcm_pNFkB_TNFa', 'Granulocytes_pS6_TNFa', 'CD4Tcm_pSTAT3_TNFa', 'CD4Tnaive_pSTAT3_TNFa', 'CD8Tnaive_pSTAT3_TNFa', 'CD4Tnaive_pSTAT3_LPS', 'CD4Tregs_pSTAT3_LPS', 'CD8Tnaive_pSTAT3_LPS', 'CD4Tcm_pSTAT3_IL246', 'CD4Tnaive_pSTAT3_IL246', 'CD4Tcm_pSTAT3_IFNa', 'CD4Tnaive_pSTAT3_IFNa', 'CD8Tnaive_pSTAT3_IFNa', 'Granulocytes_pS6_GMCSF', 'CD4Tnaive_pSTAT3_GMCSF', 'CD4Tnaive_pSTAT3_PI', 'CD4Tregs_pSTAT3_PI', 'CD8Tnaive_pSTAT3_PI', 'cMCs_HLADR_IL33', 'CD4Tem_CCR2pos_pMK2_IL33', 'CD8Tnaive_pSTAT3_IL33']",25
Fold 99,"['CD4Tcm_pSTAT3_Unstim', 'CD4Tnaive_pSTAT3_Unstim', 'CD8Tnaive_pSTAT3_Unstim', 'Granulocytes_pS6_Unstim', 'Granulocytes_IkB_TNFa', 'CD4Tcm_pNFkB_TNFa', 'Granulocytes_pS6_TNFa', 'CD4Tem_CCR2pos_pSTAT3_TNFa', 'CD4Tnaive_pSTAT3_TNFa', 'CD4Tregs_pSTAT3_TNFa', 'CD8Tnaive_pSTAT3_TNFa', 'Granulocytes_IkB_LPS', 'Granulocytes_pS6_LPS', 'CD4Tnaive_pSTAT3_LPS', 'CD4Tregs_pSTAT3_LPS', 'CD8Tnaive_pSTAT3_LPS', 'CD4Tcm_pSTAT3_IL246', 'CD4Tnaive_pSTAT3_IL246', 'CD4Tcm_pSTAT3_IFNa', 'CD4Tnaive_pSTAT3_IFNa', 'CD8Tnaive_pSTAT3_IFNa', 'CD8Tcm_CCR2pos_pSTAT6_IFNa', 'Granulocytes_pS6_GMCSF', 'CD4Tnaive_pSTAT3_GMCSF', 'CD4Tnaive_pSTAT3_PI', 'CD4Tregs_pSTAT3_PI', 'CD8Tnaive_pSTAT3_PI', 'CD8Tcm_CCR2pos_HLADR_IL33', 'CD4Tem_CCR2pos_pMK2_IL33', 'CD56hiCD16negNK_pS6_IL33', 'CD8Tnaive_pSTAT3_IL33']",31
